,venue,match_category,team_1,team_2,team_1_runs,team_1_wickets,team_2_runs,team_2_wickets,pom,world_cup_year,host_country,match_status,winning_team,best_batter_1,best_batter_1_runs,best_batter_2,best_batter_2_runs,best_baller_1,best_baller_1_wick,best_baller_2,best_baller_2_wick
0, Manchester,League-Match,CAN,ENG,45.0,0.0,46.0,2.0,Chris Old,1979,ENG,played,ENG,,0,,0,,0,,0
1, Lord's,League-Match,AUS,ENG,159.0,9.0,160.0,4.0,Graham Gooch,1979,ENG,played,ENG,,0,,0,,0,,0
2, Manchester,League-Match,SL,IND,238.0,5.0,191.0,0.0,Duleep Mendis,1979,ENG,played,SL,,0,,0,,0,,0
3, Nottingham,League-Match,PAK,AUS,286.0,7.0,197.0,0.0,Asif Iqbal,1979,ENG,played,PAK,,0,,0,,0,,0
4, Birmingham,League-Match,CAN,AUS,105.0,0.0,106.0,3.0,Alan Hurst,1979,ENG,played,AUS,,0,,0,,0,,0
5, Leeds,League-Match,ENG,PAK,165.0,9.0,151.0,0.0,Mike Hendrick,1979,ENG,played,ENG,,0,,0,,0,,0
6, The Oval,Semi-Final,WI,PAK,293.0,6.0,250.0,0.0,Gordon Greenidge,1979,ENG,played,WI,,0,,0,,0,,0
7, Manchester,League-Match,CAN,ENG,45.0,0.0,46.0,2.0,Chris Old,1979,ENG,played,ENG,,0,,0,,0,,0
8, Manchester,Semi-Final,ENG,NZ,221.0,8.0,212.0,9.0,Graham Gooch,1979,ENG,played,ENG,,0,,0,,0,,0
9, Nottingham,League-Match,SL,NZ,189.0,0.0,190.0,1.0,Geoff Howarth,1979,ENG,played,NZ,,0,,0,,0,,0
10, Leeds,League-Match,IND,NZ,182.0,0.0,183.0,2.0,Bruce Edgar,1979,ENG,played,NZ,,0,,0,,0,,0
11, The Oval,League-Match,SL,WI,0.0,0.0,0.0,0.0,,1979,ENG,abandoned,,,0,,0,,0,,0
12, The Oval,Semi-Final,WI,PAK,293.0,6.0,250.0,0.0,Gordon Greenidge,1979,ENG,played,WI,,0,,0,,0,,0
13, Lord's,Final,WI,ENG,286.0,9.0,194.0,0.0,Viv Richards,1979,ENG,played,WI,,0,,0,,0,,0
14, Birmingham,League-Match,IND,WI,190.0,0.0,194.0,1.0,Gordon Greenidge,1979,ENG,played,WI,,0,,0,,0,,0
15, Leeds,League-Match,CAN,PAK,139.0,9.0,140.0,2.0,Sadiq Mohammad,1979,ENG,played,PAK,,0,,0,,0,,0
16, Nottingham,League-Match,WI,NZ,244.0,7.0,212.0,9.0,Clive Lloyd,1979,ENG,played,WI,,0,,0,,0,,0
17, Visakhapatnam,League-Match,AUS,KENYA,304.0,7.0,207.0,7.0,Mark Waugh,1996,IND,played,AUS,,0,,0,,0,,0
18, Rawalpindi,League-Match,SA,UAE,321.0,2.0,152.0,8.0,Gary Kirsten,1996,PAK,played,SA,,0,,0,,0,,0
19, Mohali,Semi-Final,AUS,WI,207.0,8.0,202.0,0.0,Shane Warne,1996,IND,played,AUS,,0,,0,,0,,0
20, Karachi,League-Match,WI,SA,264.0,8.0,245.0,0.0,Brian Lara,1996,PAK,played,WI,,0,,0,,0,,0
21, Faisalabad,League-Match,NZ,UAE,276.0,8.0,167.0,9.0,Roger Twose,1996,PAK,played,NZ,,0,,0,,0,,0
22, Vadodara,League-Match,NZ,NED,307.0,8.0,188.0,7.0,Craig Spearman,1996,IND,played,NZ,,0,,0,,0,,0
23, Jaipur,League-Match,AUS,WI,229.0,6.0,232.0,6.0,Richie Richardson,1996,IND,played,WI,,0,,0,,0,,0
25, Lahore,Final,AUS,SL,241.0,7.0,245.0,3.0,Aravinda de Silva,1996,PAK,played,SL,,0,,0,,0,,0
26, Eden Gardens,Semi-Final,SL,IND,251.0,8.0,120.0,8.0,Aravinda de Silva,1996,IND,played,SL,,0,,0,,0,,0
27, Chennai,League-Match,NZ,AUS,286.0,9.0,289.0,4.0,Mark Waugh,1996,IND,played,AUS,,0,,0,,0,,0
29, Bengaluru,League-Match,IND,PAK,287.0,8.0,248.0,9.0,Navjot Sidhu,1996,IND,played,IND,,0,,0,,0,,0
30, Gujranwala,League-Match,UAE,PAK,109.0,9.0,112.0,1.0,Mushtaq Ahmed,1996,PAK,played,PAK,,0,,0,,0,,0
31, Rawalpindi,League-Match,SA,NED,328.0,3.0,168.0,8.0,Andrew Hudson,1996,PAK,played,SA,,0,,0,,0,,0
32, Rawalpindi,League-Match,SA,ENG,230.0,0.0,152.0,0.0,Jonty Rhodes,1996,PAK,played,SA,,0,,0,,0,,0
33, Colombo (SSC),League-Match,ZIM,SL,228.0,6.0,229.0,4.0,Aravinda de Silva,1996,SL,played,SL,,0,,0,,0,,0
34, Lahore,League-Match,NED,PAK,145.0,7.0,151.0,2.0,Waqar Younis,1996,PAK,played,PAK,,0,,0,,0,,0
35, Lahore,League-Match,PAK,NZ,281.0,5.0,235.0,0.0,Saleem Malik,1996,PAK,played,PAK,,0,,0,,0,,0
36, Karachi,League-Match,ENG,PAK,249.0,9.0,250.0,3.0,Aamer Sohail,1996,PAK,played,PAK,,0,,0,,0,,0
38, Peshawar,League-Match,UAE,ENG,136.0,0.0,140.0,2.0,Neil Smith,1996,PAK,played,ENG,,0,,0,,0,,0
39, Karachi,League-Match,PAK,SA,242.0,6.0,243.0,5.0,Hansie Cronje,1996,PAK,played,SA,,0,,0,,0,,0
40, Patna,League-Match,KENYA,ZIM,134.0,0.0,137.0,5.0,Paul Strang,1996,IND,played,ZIM,,0,,0,,0,,0
41, Faisalabad,League-Match,NZ,SA,177.0,9.0,178.0,5.0,Hansie Cronje,1996,PAK,played,SA,,0,,0,,0,,0
42, Kandy,League-Match,SL,KENYA,398.0,5.0,254.0,7.0,Aravinda de Silva,1996,IND,played,SL,,0,,0,,0,,0
43, Gwalior,League-Match,WI,IND,173.0,0.0,174.0,5.0,Sachin Tendulkar,1996,IND,played,IND,,0,,0,,0,,0
44, Ahmedabad,League-Match,NZ,ENG,239.0,6.0,228.0,9.0,Nathan Astle,1996,IND,played,NZ,,0,,0,,0,,0
45, Delhi,League-Match,IND,SL,271.0,3.0,272.0,4.0,Sanath Jayasuriya,1996,IND,played,SL,,0,,0,,0,,0
46, Hyderabad (Deccan),League-Match,ZIM,WI,151.0,9.0,155.0,4.0,Curtly Ambrose,1996,IND,played,WI,,0,,0,,0,,0
47, Kanpur,League-Match,IND,ZIM,247.0,5.0,207.0,0.0,Ajay Jadeja,1996,IND,played,IND,,0,,0,,0,,0
48, Wankhede,League-Match,AUS,IND,258.0,0.0,242.0,0.0,Mark Waugh,1996,IND,played,AUS,,0,,0,,0,,0
49, Gwalior,League-Match,WI,IND,173.0,0.0,174.0,5.0,Sachin Tendulkar,1996,IND,played,IND,,0,,0,,0,,0
50, Pune,League-Match,KENYA,WI,166.0,0.0,93.0,0.0,Maurice Odumbe,1996,IND,played,KENYA,,0,,0,,0,,0
51, Cuttack,League-Match,KENYA,IND,199.0,6.0,203.0,3.0,Sachin Tendulkar,1996,IND,played,IND,,0,,0,,0,,0
52, Faisalabad,League-Match,ENG,SL,235.0,8.0,236.0,5.0,Sanath Jayasuriya,1996,PAK,played,SL,,0,,0,,0,,0
53, Hyderabad (Deccan),League-Match,ZIM,WI,151.0,9.0,155.0,4.0,Curtly Ambrose,1996,IND,played,WI,,0,,0,,0,,0
54, Peshawar,League-Match,ENG,NED,279.0,4.0,230.0,6.0,Graeme Hick,1996,PAK,played,ENG,,0,,0,,0,,0
55, Nagpur,League-Match,ZIM,AUS,154.0,0.0,158.0,2.0,Shane Warne,1996,IND,played,AUS,,0,,0,,0,,0
56, Lahore,League-Match,NED,UAE,216.0,9.0,220.0,3.0,Saleem Raza,1996,PAK,played,U.A.E.,,0,,0,,0,,0
57, Taunton,League-Match,AFG,NZ,172.0,0.0,173.0,3.0,James Neesham,2019,ENG,played,NZ,KS Williamson,79,Hashmatullah Shahidi,59,JDS Neesham,5,LH Ferguson,4
58, The Oval,League-Match,BAN,SA,330.0,6.0,309.0,8.0,Shakib Al Hasan,2019,ENG,played,BAN,Mushfiqur Rahim,78,Shakib Al Hasan,75,Mustafizur Rahman,3,AL Phehlukwayo,2
59, Cardiff,League-Match,ENG,BAN,386.0,6.0,280.0,0.0,Jason Roy,2019,ENG,played,ENG,JJ Roy,153,Shakib Al Hasan,121,JC Archer,3,BA Stokes,3
60, Cardiff,League-Match,SL,AFG,201.0,0.0,152.0,0.0,Nuwan Pradeep,2019,ENG,played,SL,MDKJ Perera,78,Najibullah Zadran,43,Mohammad Nabi,4,N Pradeep,4
61, Southampton,League-Match,BAN,AFG,262.0,7.0,200.0,0.0,Shakib Al Hasan,2019,ENG,played,BAN,Mushfiqur Rahim,83,Shakib Al Hasan,51,Shakib Al Hasan,5,Mujeeb Ur Rahman,3
62, Southampton,League-Match,IND,AFG,224.0,8.0,213.0,0.0,Jasprit Bumrah,2019,ENG,played,IND,V Kohli,67,Mohammad Nabi,52,Mohammed Shami,4,YS Chahal,2
63, Manchester,League-Match,ENG,AFG,397.0,6.0,247.0,8.0,Eoin Morgan,2019,ENG,played,ENG,EJG Morgan,148,JM Bairstow,90,JC Archer,3,AU Rashid,3
64, Chester-le-Street,League-Match,ENG,NZ,305.0,8.0,186.0,0.0,Jonny Bairstow,2019,ENG,played,ENG,JM Bairstow,106,JJ Roy,60,MA Wood,3,JDS Neesham,2
65, Nottingham,League-Match,PAK,ENG,348.0,8.0,334.0,9.0,Mohammad Hafeez,2019,ENG,played,PAK,JE Root,107,JC Buttler,103,MM Ali,3,Wahab Riaz,3
66, Bristol,League-Match,PAK,SL,0.0,0.0,0.0,0.0,,2019,ENG,abandoned,,,0,,0,,0,,0
67, Lord's,Final,NZ,ENG,241.0,8.0,241.0,0.0,Ben Stokes,2019,ENG,played,ENG,BA Stokes,84,JC Buttler,59,CR Woakes,3,LE Plunkett,3
68, Nottingham,League-Match,IND,NZ,0.0,0.0,0.0,0.0,,2019,ENG,abandoned,,,0,,0,,0,,0
69, Southampton,League-Match,WI,ENG,212.0,0.0,213.0,2.0,Joe Root,2019,ENG,played,ENG,JE Root,100,N Pooran,63,MA Wood,3,JC Archer,3
70, Manchester,League-Match,NZ,IND,239.0,8.0,221.0,0.0,Matt Henry,2019,ENG,played,NZ,RA Jadeja,77,LRPL Taylor,74,MJ Henry,3,B Kumar,3
71, Southampton,League-Match,SA,IND,227.0,9.0,230.0,4.0,Rohit Sharma,2019,ENG,played,IND,RG Sharma,122,CH Morris,42,YS Chahal,4,JJ Bumrah,2
72, The Oval,League-Match,AUS,SL,334.0,7.0,247.0,0.0,Aaron Finch,2019,ENG,played,AUS,AJ Finch,153,FDM Karunaratne,97,MA Starc,4,KW Richardson,3
73, Manchester,League-Match,IND,PAK,336.0,5.0,212.0,6.0,Rohit Sharma,2019,ENG,played,IND,RG Sharma,140,V Kohli,77,Mohammad Amir,3,Kuldeep Yadav,2
74, Cardiff,League-Match,AFG,SA,125.0,0.0,131.0,1.0,Imran Tahir,2019,ENG,played,SA,Q de Kock,68,HM Amla,41,Imran Tahir,4,CH Morris,3
75, Birmingham,League-Match,AUS,ENG,223.0,0.0,226.0,2.0,Chris Woakes,2019,ENG,played,ENG,JJ Roy,85,SPD Smith,85,CR Woakes,3,AU Rashid,3
76, The Oval,League-Match,ENG,SA,311.0,8.0,207.0,0.0,Ben Stokes,2019,ENG,played,ENG,BA Stokes,89,Q de Kock,68,JC Archer,3,L Ngidi,3
77, Taunton,League-Match,AUS,PAK,307.0,0.0,266.0,0.0,David Warner,2019,ENG,played,AUS,DA Warner,107,AJ Finch,82,Mohammad Amir,5,PJ Cummins,3
78, Lord's,League-Match,PAK,BAN,315.0,9.0,221.0,0.0,Shaheen Shah Afridi,2019,ENG,played,PAK,Imam-ul-Haq,100,Babar Azam,96,Shaheen Shah Afridi,6,Mustafizur Rahman,5
79, Leeds,League-Match,WI,AFG,311.0,6.0,288.0,0.0,Shai Hope,2019,ENG,played,WI,Ikram Alikhil,86,SD Hope,77,CR Brathwaite,4,KAJ Roach,3
80, Birmingham,League-Match,ENG,IND,337.0,7.0,306.0,5.0,Jonny Bairstow,2019,ENG,played,ENG,JM Bairstow,111,RG Sharma,102,Mohammed Shami,5,LE Plunkett,3
81, Leeds,League-Match,SL,IND,264.0,7.0,265.0,3.0,Rohit Sharma,2019,ENG,played,IND,AD Mathews,113,KL Rahul,111,JJ Bumrah,3,RA Jadeja,1
82, The Oval,League-Match,BAN,NZ,244.0,0.0,248.0,8.0,Ross Taylor,2019,ENG,played,NZ,LRPL Taylor,82,Shakib Al Hasan,64,MJ Henry,4,Mosaddek Hossain,2
83, Lord's,Final,NZ,ENG,241.0,8.0,241.0,0.0,Ben Stokes,2019,ENG,played,ENG,BA Stokes,84,JC Buttler,59,CR Woakes,3,LE Plunkett,3
84, Birmingham,League-Match,NZ,PAK,237.0,6.0,241.0,4.0,Babar Azam,2019,ENG,played,PAK,Babar Azam,101,JDS Neesham,97,Shaheen Shah Afridi,3,Shadab Khan,1
85, Manchester,League-Match,IND,WI,268.0,7.0,143.0,0.0,Virat Kohli,2019,ENG,played,IND,V Kohli,72,MS Dhoni,56,Mohammed Shami,4,KAJ Roach,3
86, Taunton,League-Match,WI,BAN,321.0,8.0,322.0,3.0,Shakib Al Hasan,2019,ENG,played,BAN,Shakib Al Hasan,124,SD Hope,96,Mustafizur Rahman,3,Mohammad Saifuddin,3
87, Manchester,League-Match,SA,AUS,325.0,6.0,315.0,0.0,Faf du Plessis,2019,ENG,played,SA,DA Warner,122,F du Plessis,100,K Rabada,3,D Pretorius,2
88, Chester-le-Street,League-Match,SL,SA,203.0,0.0,206.0,1.0,Dwaine Pretorius,2019,ENG,played,SA,F du Plessis,96,HM Amla,80,D Pretorius,3,CH Morris,3
89, Lord's,League-Match,AUS,NZ,243.0,9.0,157.0,0.0,Alex Carey,2019,ENG,played,AUS,UT Khawaja,88,AT Carey,71,MA Starc,5,TA Boult,4
90, Cardiff,League-Match,SL,NZ,136.0,0.0,137.0,0.0,Matt Henry,2019,ENG,played,NZ,MJ Guptill,73,C Munro,58,LH Ferguson,3,MJ Henry,3
91, Lord's,League-Match,AUS,ENG,285.0,7.0,221.0,0.0,Aaron Finch,2019,ENG,played,AUS,AJ Finch,100,BA Stokes,89,JP Behrendorff,5,MA Starc,4
92, Nottingham,League-Match,AUS,WI,288.0,0.0,273.0,9.0,Nathan Coulter-Nile,2019,ENG,played,AUS,NM Coulter-Nile,92,SPD Smith,73,MA Starc,5,CR Brathwaite,3
93, Bristol,League-Match,BAN,SL,0.0,0.0,0.0,0.0,,2019,ENG,abandoned,,,0,,0,,0,,0
94, Manchester,League-Match,NZ,IND,239.0,8.0,221.0,0.0,Matt Henry,2019,ENG,played,NZ,RA Jadeja,77,LRPL Taylor,74,MJ Henry,3,B Kumar,3
95, The Oval,League-Match,IND,AUS,352.0,5.0,316.0,0.0,Shikhar Dhawan,2019,ENG,played,IND,S Dhawan,117,V Kohli,82,B Kumar,3,JJ Bumrah,3
96, Nottingham,League-Match,AUS,BAN,381.0,5.0,333.0,8.0,David Warner,2019,ENG,played,AUS,DA Warner,166,Mushfiqur Rahim,102,Soumya Sarkar,3,MA Starc,2
97, Birmingham,League-Match,SA,NZ,241.0,6.0,245.0,6.0,Kane Williamson,2019,ENG,played,NZ,KS Williamson,106,HE van der Dussen,67,CH Morris,3,LH Ferguson,3
98, Bristol,League-Match,AFG,AUS,207.0,0.0,209.0,3.0,David Warner,2019,ENG,played,AUS,DA Warner,89,AJ Finch,66,PJ Cummins,3,A Zampa,3
99, Leeds,League-Match,AFG,PAK,227.0,9.0,230.0,7.0,Imad Wasim,2019,ENG,played,PAK,Imad Wasim,49,Babar Azam,45,Shaheen Shah Afridi,4,Mohammad Nabi,2
100, Chester-le-Street,League-Match,SL,WI,338.0,6.0,315.0,9.0,Avishka Fernando,2019,ENG,played,SL,N Pooran,118,WIA Fernando,104,SL Malinga,3,JO Holder,2
101, Lord's,League-Match,PAK,SA,308.0,7.0,259.0,9.0,Haris Sohail,2019,ENG,played,PAK,Haris Sohail,89,Babar Azam,69,Wahab Riaz,3,Shadab Khan,3
102, Leeds,League-Match,SL,ENG,232.0,9.0,212.0,0.0,Lasith Malinga,2019,ENG,played,SL,AD Mathews,85,BA Stokes,82,SL Malinga,4,DM de Silva,3
104, Manchester,League-Match,NZ,WI,291.0,8.0,286.0,0.0,Kane Williamson,2019,ENG,played,NZ,KS Williamson,148,CR Brathwaite,101,TA Boult,4,SS Cottrell,4
105, Birmingham,League-Match,IND,BAN,314.0,9.0,286.0,0.0,Rohit Sharma,2019,ENG,played,IND,RG Sharma,104,KL Rahul,77,Mustafizur Rahman,5,JJ Bumrah,4
106, Nottingham,League-Match,PAK,WI,105.0,0.0,108.0,3.0,Oshane Thomas,2019,ENG,played,WI,CH Gayle,50,N Pooran,34,O Thomas,4,Mohammad Amir,3
107, Chelmsford,League-Match,BAN,NZ,116.0,0.0,117.0,4.0,Gavin Larsen,1999,ENG,played,NZ,,0,,0,,0,,0
108, Lord's,Final,PAK,AUS,132.0,0.0,133.0,2.0,Shane Warne,1999,ENG,played,AUS,,0,,0,,0,,0
109, Amstelveen,League-Match,KENYA,SA,152.0,0.0,153.0,3.0,Lance Klusener,1999,ENG,played,SA,,0,,0,,0,,0
110, The Oval,League-Match,PAK,ZIM,271.0,9.0,123.0,0.0,Saeed Anwar,1999,ENG,played,PAK,,0,,0,,0,,0
111, Bristol,League-Match,IND,KENYA,329.0,2.0,235.0,7.0,Sachin Tendulkar,1999,ENG,played,IND,,0,,0,,0,,0
112, Manchester,League-Match,IND,PAK,227.0,6.0,180.0,0.0,Venkatesh Prasad,1999,ENG,played,IND,,0,,0,,0,,0
113, Lord's,League-Match,AUS,ZIM,303.0,4.0,259.0,6.0,Neil Johnson,1999,ENG,played,AUS,,0,,0,,0,,0
114, Chelmsford,League-Match,ZIM,SA,233.0,6.0,185.0,0.0,Neil Johnson,1999,ENG,played,ZIM,,0,,0,,0,,0
115, The Oval,League-Match,AUS,IND,282.0,6.0,205.0,0.0,Glenn McGrath,1999,ENG,played,AUS,,0,,0,,0,,0
116, Cardiff,League-Match,AUS,NZ,213.0,8.0,214.0,5.0,Roger Twose,1999,ENG,played,NZ,,0,,0,,0,,0
117, Nottingham,League-Match,IND,NZ,251.0,6.0,253.0,5.0,Roger Twose,1999,ENG,played,NZ,,0,,0,,0,,0
118, Edinburgh,League-Match,SCOT,NZ,121.0,0.0,123.0,4.0,Geoff Allott,1999,ENG,played,NZ,,0,,0,,0,,0
119, Southampton,League-Match,NZ,WI,156.0,0.0,158.0,3.0,Ridley Jacobs,1999,ENG,played,WI,,0,,0,,0,,0
120, Lord's,League-Match,SL,ENG,204.0,0.0,207.0,2.0,Alec Stewart,1999,ENG,played,ENG,,0,,0,,0,,0
121, Chester-le-Street,League-Match,BAN,AUS,178.0,7.0,181.0,3.0,Tom Moody,1999,ENG,played,AUS,,0,,0,,0,,0
122, Manchester,Semi-Final,NZ,PAK,241.0,7.0,242.0,1.0,Shoaib Akhtar,1999,ENG,played,PAK,,0,,0,,0,,0
123, Northampton,League-Match,SA,SL,199.0,9.0,110.0,0.0,Lance Klusener,1999,ENG,played,SA,,0,,0,,0,,0
124, Derby,League-Match,PAK,NZ,269.0,8.0,207.0,8.0,Inzamam-ul-Haq,1999,ENG,played,PAK,,0,,0,,0,,0
125, Leeds,League-Match,SA,AUS,271.0,7.0,272.0,5.0,Steve Waugh,1999,ENG,played,AUS,,0,,0,,0,,0
126, Birmingham,League-Match,SA,NZ,287.0,5.0,213.0,8.0,Jacques Kallis,1999,ENG,played,SA,,0,,0,,0,,0
127, Birmingham,League-Match,IND,ENG,232.0,8.0,169.0,0.0,Sourav Ganguly,1999,ENG,played,IND,,0,,0,,0,,0
128, Birmingham,Semi-Final,AUS,SA,213.0,0.0,213.0,0.0,Shane Warne,1999,ENG,played,,,0,,0,,0,,0
129, Worcester,League-Match,SCOT,AUS,181.0,7.0,182.0,4.0,Mark Waugh,1999,ENG,played,AUS,,0,,0,,0,,0
130, Leeds,League-Match,ZIM,NZ,175.0,0.0,70.0,3.0,,1999,ENG,played,,,0,,0,,0,,0
131, Southampton,League-Match,SL,KENYA,275.0,8.0,230.0,6.0,Maurice Odumbe,1999,ENG,played,SL,,0,,0,,0,,0
132, Bristol,League-Match,PAK,WI,229.0,8.0,202.0,0.0,Azhar Mahmood,1999,ENG,played,PAK,,0,,0,,0,,0
133, Derby,League-Match,PAK,NZ,269.0,8.0,207.0,8.0,Inzamam-ul-Haq,1999,ENG,played,PAK,,0,,0,,0,,0
134, Hove,League-Match,IND,SA,253.0,5.0,254.0,6.0,Jacques Kallis,1999,ENG,played,SA,,0,,0,,0,,0
135, Chester-le-Street,League-Match,PAK,SCOT,261.0,6.0,167.0,0.0,Mohammad Yousuf,1999,ENG,played,PAK,,0,,0,,0,,0
136, Nottingham,League-Match,PAK,SA,220.0,7.0,221.0,7.0,Lance Klusener,1999,ENG,played,SA,,0,,0,,0,,0
137, Manchester,League-Match,WI,AUS,110.0,0.0,111.0,4.0,Glenn McGrath,1999,ENG,played,AUS,,0,,0,,0,,0
138, Leeds,League-Match,PAK,AUS,275.0,8.0,265.0,0.0,Inzamam-ul-Haq,1999,ENG,played,PAK,,0,,0,,0,,0
139, Taunton,League-Match,IND,SL,373.0,6.0,216.0,0.0,Sourav Ganguly,1999,ENG,played,IND,,0,,0,,0,,0
140, Northampton,League-Match,BAN,PAK,223.0,9.0,161.0,0.0,Khaled Mahmud,1999,ENG,played,BAN,,0,,0,,0,,0
141, Lord's,League-Match,SL,ENG,204.0,0.0,207.0,2.0,Alec Stewart,1999,ENG,played,ENG,,0,,0,,0,,0
142, The Oval,League-Match,SA,ENG,225.0,7.0,103.0,0.0,Lance Klusener,1999,ENG,played,SA,,0,,0,,0,,0
143, Dublin,League-Match,BAN,WI,182.0,0.0,183.0,3.0,Courtney Walsh,1999,ENG,played,WI,,0,,0,,0,,0
144, Edinburgh,League-Match,BAN,SCOT,185.0,9.0,163.0,0.0,Minhajul Abedin,1999,ENG,played,BAN,,0,,0,,0,,0
145, Nottingham,League-Match,ZIM,ENG,167.0,8.0,168.0,3.0,Alan Mullally,1999,ENG,played,ENG,,0,,0,,0,,0
146, Leicester,League-Match,SCOT,WI,68.0,0.0,70.0,2.0,Courtney Walsh,1999,ENG,played,WI,,0,,0,,0,,0
147, Leicester,League-Match,ZIM,IND,252.0,9.0,249.0,0.0,Grant Flower,1999,ENG,played,ZIM,,0,,0,,0,,0
148, Taunton,League-Match,KENYA,ZIM,229.0,7.0,231.0,5.0,Neil Johnson,1999,ENG,played,ZIM,,0,,0,,0,,0
149, Worcester,League-Match,ZIM,SL,197.0,9.0,198.0,6.0,Marvan Atapattu,1999,ENG,played,SL,,0,,0,,0,,0
150, Canterbury,League-Match,KENYA,ENG,203.0,0.0,204.0,1.0,Steve Tikolo,1999,ENG,played,ENG,,0,,0,,0,,0
151, North Sound,League-Match,BAN,AUS,104.0,6.0,106.0,0.0,Glenn McGrath,2007,WI,played,AUS,AC Gilchrist,59,ML Hayden,47,GD McGrath,3,NW Bracken,2
152, Kingston,League-Match,PAK,ZIM,349.0,0.0,99.0,0.0,Imran Nazir,2007,WI,played,PAK,Imran Nazir,160,Inzamam-ul-Haq,37,Shahid Afridi,3,GB Brent,3
153, Bridgetown,League-Match,WI,BAN,230.0,5.0,131.0,0.0,Ramnaresh Sarwan,2007,WI,played,WI,RR Sarwan,91,S Chanderpaul,50,DBL Powell,3,CD Collymore,2
154, Kingston,Semi-Final,SL,NZ,289.0,5.0,208.0,0.0,Mahela Jayawardene,2007,WI,played,SL,DPMD Jayawardene,115,WU Tharanga,73,M Muralidaran,4,TM Dilshan,2
155, Providence,League-Match,SL,SA,209.0,0.0,212.0,9.0,Charl Langeveldt,2007,WI,played,SA,JH Kallis,86,GC Smith,59,CK Langeveldt,5,SL Malinga,4
156, Kingston,League-Match,IRE,WI,183.0,8.0,190.0,2.0,Shivnarine Chanderpaul,2007,WI,played,WI,S Chanderpaul,102,JP Bray,41,CH Gayle,2,DBL Powell,2
157, St George's,League-Match,IRE,SL,77.0,0.0,81.0,2.0,Farveez Maharoof,2007,WI,played,SL,DPMD Jayawardene,39,ST Jayasuriya,24,MF Maharoof,4,M Muralidaran,4
158, St George's,League-Match,AUS,NZ,348.0,6.0,133.0,0.0,Matthew Hayden,2007,WI,played,AUS,ML Hayden,103,RT Ponting,66,GB Hogg,4,SW Tait,3
159, Basseterre,League-Match,SCOT,SA,186.0,8.0,188.0,3.0,Graeme Smith,2007,WI,played,SA,GC Smith,91,AB de Villiers,62,AJ Hall,3,CK Langeveldt,2
160, Basseterre,League-Match,AUS,SCOT,334.0,6.0,131.0,0.0,Ricky Ponting,2007,WI,played,AUS,RT Ponting,113,ML Hayden,60,GD McGrath,3,SW Tait,2
161, Gros Islet,League-Match,ENG,NZ,209.0,7.0,210.0,4.0,Scott Styris,2007,WI,played,NZ,SB Styris,87,JDP Oram,63,SE Bond,2,SB Styris,2
162, Providence,League-Match,NZ,IRE,263.0,8.0,134.0,0.0,Peter Fulton,2007,WI,played,NZ,PG Fulton,83,KJ OBrien,49,DL Vettori,4,WK McCallan,2
163, Bridgetown,League-Match,ENG,SA,154.0,0.0,157.0,1.0,Andrew Hall,2007,WI,played,SA,GC Smith,89,AJ Strauss,46,AJ Hall,5,A Nel,3
164, Bridgetown,Final,AUS,SL,281.0,4.0,215.0,8.0,Adam Gilchrist,2007,WI,played,AUS,AC Gilchrist,149,ST Jayasuriya,63,SL Malinga,2,MJ Clarke,2
165, Kingston,League-Match,IRE,ZIM,221.0,9.0,221.0,0.0,Jeremy Bray,2007,WI,played,,JP Bray,115,S Matsikenyeri,73,E Chigumbura,2,GB Brent,2
166, Port of Spain,League-Match,BER,BAN,94.0,9.0,96.0,3.0,Mohammad Ashraful,2007,WI,played,BAN,Mohammad Ashraful,29,Shakib Al Hasan,26,S Mukuddem,3,Abdur Razzak,3
167, Port of Spain,League-Match,SL,IND,254.0,6.0,185.0,0.0,Muthiah Muralidaran,2007,WI,played,SL,WU Tharanga,64,R Dravid,60,M Muralidaran,3,WPUJC Vaas,2
168, Port of Spain,League-Match,SL,BAN,318.0,4.0,112.0,0.0,Sanath Jayasuriya,2007,WI,played,SL,ST Jayasuriya,109,KC Sangakkara,56,SL Malinga,3,WPUJC Vaas,1
169, North Sound,League-Match,AUS,WI,322.0,6.0,219.0,0.0,Matthew Hayden,2007,WI,played,AUS,ML Hayden,158,BC Lara,77,GD McGrath,3,GB Hogg,3
170, Basseterre,League-Match,AUS,SA,377.0,6.0,294.0,0.0,Matthew Hayden,2007,WI,played,AUS,ML Hayden,101,AB de Villiers,92,GB Hogg,3,NW Bracken,2
171, Providence,League-Match,SL,WI,303.0,5.0,190.0,0.0,Sanath Jayasuriya,2007,WI,played,SL,ST Jayasuriya,115,DPMD Jayawardene,82,ST Jayasuriya,3,WPUJC Vaas,2
172, Kingston,League-Match,WI,PAK,241.0,9.0,187.0,0.0,Dwayne Smith,2007,WI,played,WI,MN Samuels,63,Shoaib Malik,62,DR Smith,3,Iftikhar Anjum,3
173, Providence,League-Match,ENG,IRE,266.0,7.0,218.0,0.0,Paul Collingwood,2007,WI,played,ENG,PD Collingwood,90,NJ OBrien,63,A Flintoff,4,MS Panesar,2
174, Port of Spain,League-Match,SL,BER,321.0,6.0,78.0,0.0,Mahela Jayawardene,2007,WI,played,SL,DPMD Jayawardene,85,KC Sangakkara,76,MF Maharoof,4,SL Malinga,3
175, Gros Islet,League-Match,KENYA,ENG,177.0,0.0,178.0,3.0,Ed Joyce,2007,WI,played,ENG,SO Tikolo,76,EC Joyce,75,JM Anderson,2,A Flintoff,2
176, Gros Islet,Semi-Final,SA,AUS,149.0,0.0,153.0,3.0,Glenn McGrath,2007,WI,played,AUS,MJ Clarke,60,JM Kemp,49,SW Tait,4,GD McGrath,3
177, Basseterre,League-Match,SA,NED,353.0,3.0,132.0,9.0,Herschelle Gibbs,2007,WI,played,SA,JH Kallis,128,MV Boucher,75,JM Kemp,2,SM Pollock,1
178, Gros Islet,League-Match,ENG,CAN,279.0,6.0,228.0,7.0,Paul Collingwood,2007,WI,played,ENG,EC Joyce,66,PD Collingwood,62,S Dhaniram,3,RS Bopara,2
179, Gros Islet,League-Match,NZ,CAN,363.0,5.0,249.0,0.0,Lou Vincent,2007,WI,played,NZ,L Vincent,101,SP Fleming,66,JS Patel,3,DL Vettori,3
180, North Sound,League-Match,ENG,AUS,247.0,0.0,248.0,3.0,Shaun Tait,2007,WI,played,AUS,KP Pietersen,104,RT Ponting,86,NW Bracken,3,SW Tait,3
181, Gros Islet,League-Match,NZ,KENYA,331.0,7.0,183.0,0.0,Ross Taylor,2007,WI,played,NZ,LRPL Taylor,85,CD McMillan,71,JEC Franklin,2,MJ Mason,2
182, Kingston,League-Match,ZIM,WI,202.0,5.0,204.0,4.0,Sean Williams,2007,WI,played,WI,SC Williams,70,BRM Taylor,50,JE Taylor,2,DBL Powell,1
183, Providence,League-Match,IRE,SA,152.0,8.0,165.0,3.0,Jacques Kallis,2007,WI,played,SA,JH Kallis,66,AG Prince,47,CK Langeveldt,3,SM Pollock,2
184, North Sound,League-Match,BAN,NZ,174.0,0.0,178.0,1.0,Shane Bond,2007,WI,played,NZ,SP Fleming,102,HJH Marshall,50,SB Styris,4,JDP Oram,3
185, St George's,League-Match,SA,NZ,193.0,7.0,196.0,5.0,Craig McMillan,2007,WI,played,NZ,HH Gibbs,60,SB Styris,56,CD McMillan,3,SE Bond,2
186, Providence,League-Match,BAN,SA,251.0,8.0,184.0,0.0,Mohammad Ashraful,2007,WI,played,BAN,Mohammad Ashraful,87,HH Gibbs,56,A Nel,5,Abdur Razzak,3
187, Providence,League-Match,SL,SA,209.0,0.0,212.0,9.0,Charl Langeveldt,2007,WI,played,SA,JH Kallis,86,GC Smith,59,CK Langeveldt,5,SL Malinga,4
188, Basseterre,League-Match,AUS,NED,358.0,5.0,129.0,0.0,Brad Hodge,2007,WI,played,AUS,BJ Hodge,123,MJ Clarke,93,GB Hogg,4,TBM de Leede,2
189, St George's,League-Match,SA,WI,356.0,4.0,289.0,9.0,AB de Villiers,2007,WI,played,SA,AB de Villiers,146,RR Sarwan,92,CD Collymore,2,SM Pollock,2
190, Port of Spain,League-Match,IND,BAN,191.0,0.0,192.0,5.0,Mashrafe Mortaza,2007,WI,played,BAN,SC Ganguly,66,Mushfiqur Rahim,56,Mashrafe Mortaza,4,Mohammad Rafique,3
191, Basseterre,League-Match,SCOT,NED,136.0,0.0,140.0,2.0,Billy Stelling,2007,WI,played,NED,RN ten Doeschate,70,B Zuiderent,43,WF Stelling,3,Mohammad Kashif,2
192, Gros Islet,League-Match,CAN,KENYA,199.0,0.0,203.0,3.0,Steve Tikolo,2007,WI,played,KENYA,,0,,0,,0,,0
193, North Sound,League-Match,WI,NZ,177.0,0.0,179.0,3.0,Jacob Oram,2007,WI,played,NZ,SB Styris,80,SP Fleming,45,JDP Oram,3,SE Bond,3
194, Kingston,League-Match,PAK,IRE,132.0,0.0,133.0,7.0,Niall O'Brien,2007,WI,played,IRE,NJ OBrien,72,Kamran Akmal,27,Mohammad Sami,3,WB Rankin,3
195, North Sound,League-Match,SL,ENG,235.0,0.0,233.0,8.0,Ravi Bopara,2007,WI,played,SL,WU Tharanga,62,KP Pietersen,58,SI Mahmood,4,A Flintoff,3
196, St George's,League-Match,NZ,SL,219.0,7.0,222.0,4.0,Chaminda Vaas,2007,WI,played,SL,SB Styris,111,KC Sangakkara,69,M Muralidaran,3,WPUJC Vaas,3
197, Basseterre,League-Match,SA,NED,353.0,3.0,132.0,9.0,Herschelle Gibbs,2007,WI,played,SA,JH Kallis,128,MV Boucher,75,JM Kemp,2,SM Pollock,1
198, Bridgetown,League-Match,BAN,ENG,143.0,0.0,147.0,6.0,Sajid Mahmood,2007,WI,played,ENG,Shakib Al Hasan,57,MP Vaughan,30,SI Mahmood,3,MS Panesar,3
199, St George's,League-Match,SL,AUS,226.0,0.0,232.0,3.0,Nathan Bracken,2007,WI,played,AUS,DPMD Jayawardene,72,RT Ponting,66,NW Bracken,4,GB Hogg,2
200, Bridgetown,League-Match,WI,ENG,300.0,0.0,301.0,9.0,Kevin Pietersen,2007,WI,played,ENG,KP Pietersen,100,CH Gayle,79,MP Vaughan,3,DJ Bravo,2
201, Port of Spain,League-Match,IND,BER,413.0,5.0,156.0,0.0,Virender Sehwag,2007,WI,played,IND,V Sehwag,114,SC Ganguly,89,AB Agarkar,3,A Kumble,3
202, Bridgetown,League-Match,IRE,BAN,243.0,7.0,169.0,0.0,William Porterfield,2007,WI,played,IRE,WTS Porterfield,85,KJ OBrien,48,D Langford-Smith,2,WK McCallan,2
203, Bridgetown,League-Match,IRE,AUS,91.0,0.0,92.0,1.0,Glenn McGrath,2007,WI,played,AUS,AC Gilchrist,34,MEK Hussey,30,GD McGrath,3,SW Tait,3
204, Ahmedabad,League-Match,ENG,NZ,282.0,9.0,283.0,1.0,Rachin Ravindra,2023,IND,played,NZ,DP Conway,152,R Ravindra,123,MJ Henry,3,MJ Santner,2
205, Bengaluru,League-Match,NZ,PAK,401.0,6.0,200.0,1.0,Fakhar Zaman,2023,IND,played,PAK,Fakhar Zaman,126,R Ravindra,108,Mohammad Wasim,3,TG Southee,1
206, Dharamsala,League-Match,NZ,IND,273.0,0.0,274.0,6.0,Mohammed Shami,2023,IND,played,IND,DJ Mitchell,130,V Kohli,95,Mohammed Shami,5,Kuldeep Yadav,2
207, Dharamsala,League-Match,NED,SA,245.0,8.0,207.0,0.0,Scott Edwards,2023,IND,played,NED,SA Edwards,78,DA Miller,43,LV van Beek,3,M Jansen,2
208, Delhi,League-Match,AUS,NED,399.0,8.0,90.0,0.0,Glenn Maxwell,2023,IND,played,AUS,GJ Maxwell,106,DA Warner,104,A Zampa,4,LV van Beek,4
209, Delhi,League-Match,SL,BAN,279.0,0.0,282.0,7.0,Shakib Al Hasan,2023,IND,played,BAN,KIC Asalanka,108,Najmul Hossain Shanto,90,D Madushanka,3,Tanzim Hasan Sakib,3
210, Eden Gardens,Semi-Final,SA,AUS,212.0,0.0,215.0,7.0,Travis Head,2023,IND,played,AUS,DA Miller,101,TM Head,62,MA Starc,3,PJ Cummins,3
211, Pune,League-Match,SL,AFG,241.0,0.0,242.0,3.0,Fazalhaq Farooqi,2023,IND,played,AFG,Azmatullah Omarzai,73,Rahmat Shah,62,Fazalhaq Farooqi,4,Mujeeb Ur Rahman,2
212, Pune,League-Match,BAN,AUS,306.0,8.0,307.0,2.0,Mitchell Marsh,2023,IND,played,AUS,MR Marsh,177,Towhid Hridoy,74,A Zampa,2,SA Abbott,2
213, Eden Gardens,League-Match,IND,SA,326.0,5.0,83.0,0.0,Virat Kohli,2023,IND,played,IND,V Kohli,101,SS Iyer,77,RA Jadeja,5,Kuldeep Yadav,2
214, Eden Gardens,League-Match,ENG,PAK,337.0,9.0,244.0,0.0,David Willey,2023,IND,played,ENG,BA Stokes,84,JE Root,60,DJ Willey,3,Haris Rauf,3
215, Ahmedabad,League-Match,AFG,SA,244.0,0.0,247.0,5.0,Rassie van der Dussen,2023,IND,played,SA,Azmatullah Omarzai,97,HE van der Dussen,76,G Coetzee,4,KA Maharaj,2
216, Hyderabad,League-Match,SL,PAK,344.0,9.0,345.0,4.0,Mohammad Rizwan,2023,IND,played,PAK,Mohammad Rizwan,131,BKG Mendis,122,Hasan Ali,4,Haris Rauf,2
217, Chennai,League-Match,NZ,AFG,288.0,6.0,139.0,0.0,Glenn Phillips,2023,IND,played,NZ,GD Phillips,71,TWM Latham,68,LH Ferguson,3,MJ Santner,3
218, Ahmedabad,League-Match,AUS,ENG,286.0,0.0,253.0,0.0,Adam Zampa,2023,IND,played,AUS,M Labuschagne,71,BA Stokes,64,CR Woakes,4,A Zampa,3
219, Dharamsala,League-Match,AFG,BAN,156.0,0.0,158.0,4.0,Mehidy Hasan Miraz,2023,IND,played,BAN,Najmul Hossain Shanto,59,Mehidy Hasan Miraz,57,Mehidy Hasan Miraz,3,Shakib Al Hasan,3
220, Wankhede,League-Match,SA,BAN,382.0,5.0,233.0,0.0,Quinton de Kock,2023,IND,played,SA,Q de Kock,174,Mahmudullah,111,G Coetzee,3,K Rabada,2
221, Lucknow,League-Match,NED,AFG,179.0,0.0,181.0,3.0,Mohammad Nabi,2023,IND,played,AFG,SA Engelbrecht,58,Hashmatullah Shahidi,56,Mohammad Nabi,3,Noor Ahmad,2
222, Pune,League-Match,SA,NZ,357.0,4.0,167.0,0.0,Rassie van der Dussen,2023,IND,played,SA,HE van der Dussen,133,Q de Kock,114,KA Maharaj,4,M Jansen,3
223, Delhi,League-Match,AFG,IND,272.0,8.0,273.0,2.0,Rohit Sharma,2023,IND,played,IND,RG Sharma,131,Hashmatullah Shahidi,80,JJ Bumrah,4,HH Pandya,2
224, Ahmedabad,Final,IND,AUS,240.0,0.0,241.0,4.0,Travis Head,2023,IND,played,AUS,TM Head,137,KL Rahul,66,MA Starc,3,PJ Cummins,2
225, Pune,League-Match,BAN,IND,256.0,8.0,261.0,3.0,Virat Kohli,2023,IND,played,IND,V Kohli,103,Litton Das,66,RA Jadeja,2,JJ Bumrah,2
226, Delhi,League-Match,AFG,ENG,284.0,0.0,215.0,0.0,Mujeeb Ur Rahman,2023,IND,played,AFG,Rahmanullah Gurbaz,80,HC Brook,66,Rashid Khan,3,AU Rashid,3
227, Ahmedabad,League-Match,PAK,IND,191.0,0.0,192.0,3.0,Jasprit Bumrah,2023,IND,played,IND,RG Sharma,86,SS Iyer,53,JJ Bumrah,2,Kuldeep Yadav,2
228, Eden Gardens,League-Match,BAN,PAK,204.0,0.0,205.0,3.0,Fakhar Zaman,2023,IND,played,PAK,Fakhar Zaman,81,Abdullah Shafique,68,Shaheen Shah Afridi,3,Mohammad Wasim,3
229, Chennai,League-Match,PAK,SA,270.0,0.0,271.0,9.0,Tabraiz Shamsi,2023,IND,played,SA,AK Markram,91,Saud Shakeel,52,T Shamsi,4,Shaheen Shah Afridi,3
230, Eden Gardens,League-Match,NED,BAN,229.0,0.0,142.0,0.0,Paul van Meekeren,2023,IND,played,NED,SA Edwards,68,W Barresi,41,PA van Meekeren,4,BFW de Leede,2
231, Dharamsala,League-Match,AUS,NZ,388.0,0.0,383.0,9.0,Travis Head,2023,IND,played,AUS,R Ravindra,116,TM Head,109,GD Phillips,3,A Zampa,3
232, Lucknow,League-Match,SA,AUS,311.0,7.0,177.0,0.0,Quinton de Kock,2023,IND,played,SA,Q de Kock,109,AK Markram,56,K Rabada,3,KA Maharaj,2
233, Delhi,League-Match,SA,SL,428.0,5.0,326.0,0.0,Aiden Markram,2023,IND,played,SA,HE van der Dussen,108,AK Markram,106,G Coetzee,3,KA Maharaj,2
234, Pune,League-Match,ENG,NED,339.0,9.0,179.0,0.0,Ben Stokes,2023,IND,played,ENG,BA Stokes,108,DJ Malan,87,MM Ali,3,AU Rashid,3
235, Wankhede,League-Match,AFG,AUS,291.0,5.0,293.0,7.0,Glenn Maxwell,2023,IND,played,AUS,GJ Maxwell,201,Ibrahim Zadran,129,JR Hazlewood,2,Rashid Khan,2
236, Chennai,League-Match,AUS,IND,199.0,0.0,201.0,4.0,KL Rahul,2023,IND,played,IND,KL Rahul,97,V Kohli,85,RA Jadeja,3,JR Hazlewood,3
237, Chennai,League-Match,BAN,NZ,245.0,9.0,248.0,2.0,Lockie Ferguson,2023,IND,played,NZ,DJ Mitchell,89,KS Williamson,78,LH Ferguson,3,TA Boult,2
238, Lucknow,League-Match,IND,ENG,229.0,9.0,129.0,0.0,Rohit Sharma,2023,IND,played,IND,RG Sharma,87,SA Yadav,49,Mohammed Shami,4,DJ Willey,3
239, Wankhede,League-Match,IND,SL,357.0,8.0,55.0,0.0,Mohammed Shami,2023,IND,played,IND,Shubman Gill,92,V Kohli,88,Mohammed Shami,5,D Madushanka,5
240, Bengaluru,League-Match,ENG,SL,156.0,0.0,160.0,2.0,Lahiru Kumara,2023,IND,played,SL,P Nissanka,77,S Samarawickrama,65,CBRLS Kumara,3,AD Mathews,2
241, Eden Gardens,League-Match,ENG,PAK,337.0,9.0,244.0,0.0,David Willey,2023,IND,played,ENG,BA Stokes,84,JE Root,60,DJ Willey,3,Haris Rauf,3
242, Bengaluru,League-Match,AUS,PAK,367.0,9.0,305.0,0.0,David Warner,2023,IND,played,AUS,DA Warner,163,MR Marsh,121,Shaheen Shah Afridi,5,A Zampa,4
243, Lucknow,League-Match,SL,AUS,209.0,0.0,215.0,5.0,Adam Zampa,2023,IND,played,AUS,MDKJ Perera,78,P Nissanka,61,A Zampa,4,D Madushanka,3
244, Chennai,League-Match,PAK,AFG,282.0,7.0,286.0,2.0,Ibrahim Zadran,2023,IND,played,AFG,Ibrahim Zadran,87,Rahmat Shah,77,Noor Ahmad,3,Naveen-ul-Haq,2
245, Ahmedabad,League-Match,AFG,SA,244.0,0.0,247.0,5.0,Rassie van der Dussen,2023,IND,played,SA,Azmatullah Omarzai,97,HE van der Dussen,76,G Coetzee,4,KA Maharaj,2
246, Hyderabad,League-Match,NZ,NED,322.0,7.0,223.0,0.0,Mitchell Santner,2023,IND,played,NZ,WA Young,70,CN Ackermann,69,MJ Santner,5,MJ Henry,3
247, Wankhede,Semi-Final,IND,NZ,397.0,4.0,327.0,0.0,Mohammed Shami,2023,IND,played,IND,DJ Mitchell,134,V Kohli,117,Mohammed Shami,7,TG Southee,3
248, Wankhede,League-Match,SA,ENG,399.0,7.0,170.0,0.0,Heinrich Klaasen,2023,IND,played,SA,H Klaasen,109,RR Hendricks,85,G Coetzee,3,RJW Topley,3
249, Lucknow,League-Match,NED,SL,262.0,0.0,263.0,5.0,Sadeera Samarawickrama,2023,IND,played,SL,S Samarawickrama,91,SA Engelbrecht,70,D Madushanka,4,CAK Rajitha,4
250, Bengaluru,League-Match,SL,NZ,171.0,0.0,172.0,5.0,Trent Boult,2023,IND,played,NZ,MDKJ Perera,51,DP Conway,45,TA Boult,3,MJ Santner,2
251, Hyderabad,League-Match,PAK,NED,286.0,0.0,205.0,0.0,Saud Shakeel,2023,IND,played,PAK,Saud Shakeel,68,Mohammad Rizwan,68,BFW de Leede,4,Haris Rauf,3
252, Bengaluru,League-Match,IND,NED,410.0,4.0,250.0,0.0,Shreyas Iyer,2023,IND,played,IND,SS Iyer,128,KL Rahul,102,JJ Bumrah,2,Kuldeep Yadav,2
253, Dharamsala,League-Match,ENG,BAN,364.0,9.0,227.0,0.0,Dawid Malan,2023,IND,played,ENG,DJ Malan,140,JE Root,82,RJW Topley,4,Mahedi Hasan,4
254, Pune,League-Match,SL,ENG,218.0,7.0,219.0,2.0,Graham Gooch,1987,IND,played,ENG,,0,,0,,0,,0
255, Lahore,Semi-Final,AUS,PAK,267.0,8.0,249.0,0.0,Craig McDermott,1987,PAK,played,AUS,,0,,0,,0,,0
256, Wankhede,Semi-Final,ENG,IND,254.0,6.0,219.0,0.0,Graham Gooch,1987,IND,played,ENG,,0,,0,,0,,0
257, Karachi,League-Match,WI,PAK,258.0,7.0,230.0,9.0,Richie Richardson,1987,PAK,played,WI,,0,,0,,0,,0
258, Wankhede,Semi-Final,ENG,IND,254.0,6.0,219.0,0.0,Graham Gooch,1987,IND,played,ENG,,0,,0,,0,,0
259, Cuttack,League-Match,AUS,ZIM,266.0,5.0,196.0,6.0,David Boon,1987,IND,played,AUS,,0,,0,,0,,0
260, Karachi,League-Match,WI,PAK,258.0,7.0,230.0,9.0,Richie Richardson,1987,PAK,played,WI,,0,,0,,0,,0
261, Bengaluru,League-Match,IND,NZ,252.0,7.0,236.0,8.0,Kapil Dev,1987,IND,played,IND,,0,,0,,0,,0
262, Nagpur,League-Match,NZ,IND,221.0,9.0,224.0,1.0,Sunil Gavaskar,1987,IND,played,IND,,0,,0,,0,,0
263, Hyderabad (Deccan),League-Match,NZ,ZIM,242.0,7.0,239.0,0.0,Dave Houghton,1987,IND,played,NZ,,0,,0,,0,,0
264, Chandigarh,League-Match,AUS,NZ,251.0,8.0,234.0,0.0,Geoff Marsh,1987,IND,played,AUS,,0,,0,,0,,0
265, Hyderabad (Sind),League-Match,PAK,SL,267.0,6.0,252.0,0.0,Javed Miandad,1987,PAK,played,PAK,,0,,0,,0,,0
266, Eden Gardens,League-Match,ZIM,NZ,227.0,5.0,228.0,6.0,Jeff Crowe,1987,IND,played,NZ,,0,,0,,0,,0
267, Chennai,League-Match,AUS,ZIM,235.0,9.0,139.0,0.0,Steve Waugh,1987,IND,played,AUS,,0,,0,,0,,0
268, Peshawar,League-Match,ENG,SL,296.0,4.0,158.0,8.0,Allan Lamb,1987,PAK,played,ENG,,0,,0,,0,,0
269, Faisalabad,League-Match,PAK,SL,297.0,7.0,184.0,8.0,Saleem Malik,1987,PAK,played,PAK,,0,,0,,0,,0
270, Gujranwala,League-Match,WI,ENG,243.0,7.0,246.0,8.0,Allan Lamb,1987,PAK,played,ENG,,0,,0,,0,,0
271, Ahmedabad,League-Match,ZIM,IND,191.0,7.0,194.0,3.0,Kapil Dev,1987,IND,played,IND,,0,,0,,0,,0
272, Kanpur,League-Match,WI,SL,236.0,8.0,211.0,8.0,Phil Simmons,1987,IND,played,WI,,0,,0,,0,,0
273, Karachi,League-Match,ENG,PAK,244.0,9.0,247.0,3.0,Imran Khan,1987,PAK,played,PAK,,0,,0,,0,,0
274, Indore,League-Match,AUS,NZ,199.0,4.0,196.0,9.0,David Boon,1987,IND,played,AUS,,0,,0,,0,,0
275, Karachi,League-Match,WI,SL,360.0,4.0,169.0,4.0,Viv Richards,1987,PAK,played,WI,,0,,0,,0,,0
276, Jaipur,League-Match,ENG,WI,269.0,5.0,235.0,0.0,Graham Gooch,1987,IND,played,ENG,,0,,0,,0,,0
277, Chennai,League-Match,AUS,IND,270.0,6.0,269.0,0.0,Geoff Marsh,1987,IND,played,AUS,,0,,0,,0,,0
278, Lahore,League-Match,WI,PAK,216.0,0.0,217.0,9.0,Saleem Yousuf,1987,PAK,played,PAK,,0,,0,,0,,0
279, Delhi,League-Match,IND,AUS,289.0,6.0,233.0,0.0,Mohammad Azharuddin,1987,IND,played,IND,,0,,0,,0,,0
280, Rawalpindi,League-Match,PAK,ENG,239.0,7.0,221.0,0.0,Abdul Qadir,1987,PAK,played,PAK,,0,,0,,0,,0
281, Eden Gardens,Final,AUS,ENG,253.0,5.0,246.0,8.0,David Boon,1987,IND,played,AUS,,0,,0,,0,,0
282, Wankhede,League-Match,ZIM,IND,135.0,0.0,136.0,2.0,Manoj Prabhakar,1987,IND,played,IND,,0,,0,,0,,0
283, Ahmedabad,League-Match,AUS,ZIM,262.0,6.0,171.0,0.0,Shane Watson,2011,IND,played,AUS,SR Watson,79,MJ Clarke,58,MG Johnson,4,JJ Krejza,2
284, Wankhede,Final,SL,IND,274.0,6.0,277.0,4.0,MS Dhoni,2011,IND,played,IND,DPMD Jayawardene,103,G Gambhir,97,SL Malinga,2,Yuvraj Singh,2
285, Nagpur,League-Match,IND,SA,296.0,0.0,300.0,7.0,Dale Steyn,2011,IND,played,SA,SR Tendulkar,111,V Sehwag,73,DW Steyn,5,Harbhajan Singh,3
286, Eden Gardens,League-Match,ZIM,KENYA,308.0,6.0,147.0,0.0,Craig Ervine,2011,IND,played,ZIM,CR Ervine,66,V Sibanda,61,RW Price,2,GA Lamb,2
287, Chennai,League-Match,ENG,WI,243.0,0.0,225.0,0.0,James Tredwell,2011,IND,played,ENG,AD Russell,49,IJL Trott,47,JC Tredwell,4,AD Russell,4
288, Chennai,League-Match,KENYA,NZ,69.0,0.0,72.0,0.0,Hamish Bennett,2011,IND,played,NZ,MJ Guptill,39,BB McCullum,26,HK Bennett,4,JDP Oram,3
289, Mirpur,Final,WI,PAK,112.0,0.0,113.0,0.0,Mohammad Hafeez,2011,BAN,played,PAK,Mohammad Hafeez,61,Kamran Akmal,47,Shahid Afridi,4,Mohammad Hafeez,2
290, Colombo (RPS),League-Match,KENYA,SL,142.0,0.0,146.0,1.0,Lasith Malinga,2011,SL,played,SL,WU Tharanga,67,CO Obuya,52,SL Malinga,6,KMDN Kulasekara,1
291, Eden Gardens,League-Match,NED,IRE,306.0,0.0,307.0,4.0,Paul Stirling,2011,IND,played,IRE,RN ten Doeschate,106,PR Stirling,101,TLW Cooper,2,PR Stirling,2
292, Colombo (RPS),League-Match,PAK,CAN,184.0,0.0,138.0,0.0,Shahid Afridi,2011,SL,played,PAK,Umar Akmal,48,AS Hansra,43,Shahid Afridi,5,HS Baidwan,3
293, Mirpur,League-Match,IND,BAN,370.0,4.0,283.0,9.0,Virender Sehwag,2011,BAN,played,IND,V Sehwag,175,V Kohli,100,MM Patel,4,Z Khan,2
294, Delhi,League-Match,WI,NED,330.0,8.0,115.0,0.0,Kemar Roach,2011,IND,played,WI,CH Gayle,80,KA Pollard,60,KAJ Roach,6,SJ Benn,3
295, Colombo (RPS),Final,ENG,SL,229.0,6.0,231.0,0.0,Tillakaratne Dilshan,2011,SL,played,SL,TM Dilshan,108,WU Tharanga,102,M Muralidaran,2,BAW Mendis,1
296, Bengaluru,League-Match,AUS,KENYA,324.0,6.0,264.0,6.0,Collins Obuya,2011,IND,played,AUS,CO Obuya,98,MJ Clarke,93,NN Odhiambo,3,JK Kamande,2
297, Mohali,League-Match,WI,IRE,275.0,0.0,231.0,0.0,Kieron Pollard,2011,IND,played,WI,DS Smith,107,KA Pollard,94,SJ Benn,4,KJ OBrien,4
298, Ahmedabad,Final,AUS,IND,260.0,6.0,261.0,5.0,Yuvraj Singh,2011,IND,played,IND,RT Ponting,104,Yuvraj Singh,57,Yuvraj Singh,2,R Ashwin,2
299, Nagpur,League-Match,NZ,AUS,206.0,0.0,207.0,3.0,Mitchell Johnson,2011,IND,played,AUS,SR Watson,62,BJ Haddin,55,MG Johnson,4,SW Tait,3
300, Mirpur,League-Match,SA,BAN,284.0,8.0,78.0,0.0,Lonwabo Tsotsobe,2011,BAN,played,SA,JH Kallis,69,F du Plessis,52,RJ Peterson,4,LL Tsotsobe,3
301, Mohali,League-Match,SA,NED,351.0,5.0,120.0,0.0,AB de Villiers,2011,IND,played,SA,AB de Villiers,134,HM Amla,113,Imran Tahir,3,RN ten Doeschate,3
302, Bengaluru,League-Match,ENG,IRE,327.0,8.0,329.0,7.0,Kevin O'Brien,2011,IND,played,IRE,KJ OBrien,113,IJL Trott,92,JF Mooney,4,GP Swann,3
303, Wankhede,League-Match,NZ,CAN,358.0,6.0,261.0,9.0,Brendon McCullum,2011,IND,played,NZ,BB McCullum,101,A Bagai,84,JDP Oram,3,HS Baidwan,3
304, Colombo (RPS),Semi-Final,NZ,SL,217.0,0.0,220.0,5.0,Kumar Sangakkara,2011,SL,played,SL,TM Dilshan,73,SB Styris,57,BAW Mendis,3,TG Southee,3
305, Mirpur,Final,NZ,SA,221.0,8.0,172.0,0.0,Jacob Oram,2011,BAN,played,NZ,JD Ryder,83,JH Kallis,47,JDP Oram,4,NL McCullum,3
306, Chennai,League-Match,IND,WI,268.0,0.0,188.0,0.0,Yuvraj Singh,2011,IND,played,IND,Yuvraj Singh,113,DS Smith,81,R Rampaul,5,Z Khan,3
307, Bengaluru,League-Match,CAN,AUS,211.0,0.0,212.0,3.0,Shane Watson,2011,IND,played,AUS,SR Watson,94,BJ Haddin,88,B Lee,4,SW Tait,2
308, Delhi,League-Match,WI,NED,330.0,8.0,115.0,0.0,Kemar Roach,2011,IND,played,WI,CH Gayle,80,KA Pollard,60,KAJ Roach,6,SJ Benn,3
309, Delhi,League-Match,WI,SA,222.0,0.0,223.0,3.0,AB de Villiers,2011,IND,played,SA,AB de Villiers,107,DM Bravo,73,Imran Tahir,4,DW Steyn,3
310, Nagpur,League-Match,ZIM,CAN,298.0,9.0,123.0,0.0,Tatenda Taibu,2011,IND,played,ZIM,T Taibu,98,CR Ervine,85,WD Balaji Rao,4,RW Price,3
311, Mohali,Semi-Final,IND,PAK,260.0,9.0,231.0,0.0,Sachin Tendulkar,2011,IND,played,IND,SR Tendulkar,85,Misbah-ul-Haq,56,Wahab Riaz,5,A Nehra,2
312, Colombo (RPS),League-Match,AUS,PAK,176.0,0.0,178.0,6.0,Umar Akmal,2011,SL,played,PAK,Asad Shafiq,46,Umar Akmal,44,B Lee,4,Umar Gul,3
313, Delhi,League-Match,KENYA,CAN,198.0,0.0,199.0,5.0,Henry Osinde,2011,IND,played,CAN,AS Hansra,70,A Bagai,64,H Osinde,4,Rizwan Cheema,2
314, Pallekele,League-Match,SL,ZIM,327.0,6.0,188.0,0.0,Tillakaratne Dilshan,2011,SL,played,SL,TM Dilshan,144,WU Tharanga,133,TM Dilshan,4,CB Mpofu,4
315, Bengaluru,League-Match,IND,ENG,338.0,0.0,338.0,8.0,Andrew Strauss,2011,IND,played,,AJ Strauss,158,SR Tendulkar,120,TT Bresnan,5,Z Khan,3
316, Eden Gardens,League-Match,SA,IRE,272.0,7.0,141.0,0.0,Jean-Paul Duminy,2011,IND,played,SA,JP Duminy,99,CA Ingram,46,RJ Peterson,3,M Morkel,3
317, Wankhede,League-Match,SL,NZ,265.0,9.0,153.0,0.0,Kumar Sangakkara,2011,IND,played,SL,KC Sangakkara,111,DPMD Jayawardene,66,M Muralidaran,4,TG Southee,3
318, Delhi,League-Match,NED,IND,189.0,0.0,191.0,5.0,Yuvraj Singh,2011,IND,played,IND,Yuvraj Singh,51,V Sehwag,39,Z Khan,3,PM Seelaar,3
319, Chattogram,League-Match,NED,BAN,160.0,0.0,166.0,4.0,Imrul Kayes,2011,BAN,played,BAN,Imrul Kayes,73,RN ten Doeschate,53,Abdur Razzak,3,TLW Cooper,2
320, Chattogram,League-Match,ENG,BAN,225.0,0.0,227.0,8.0,Imrul Kayes,2011,BAN,played,BAN,IJL Trott,67,EJG Morgan,63,A Shahzad,3,Abdur Razzak,2
321, Nagpur,League-Match,NED,ENG,292.0,6.0,296.0,4.0,Ryan ten Doeschate,2011,IND,played,ENG,RN ten Doeschate,119,AJ Strauss,88,GP Swann,2,RN ten Doeschate,2
322, Mirpur,League-Match,BAN,WI,58.0,0.0,59.0,1.0,Kemar Roach,2011,BAN,played,WI,CH Gayle,37,Junaid Siddique,25,SJ Benn,4,DJG Sammy,3
324, Chennai,League-Match,ENG,SA,171.0,0.0,165.0,0.0,Ravi Bopara,2011,IND,played,ENG,RS Bopara,60,IJL Trott,52,SCJ Broad,4,Imran Tahir,4
325, Mirpur,League-Match,BAN,IRE,205.0,0.0,178.0,0.0,Tamim Iqbal,2011,BAN,played,BAN,Tamim Iqbal,44,NJ OBrien,38,Shafiul Islam,4,AC Botha,3
326, Pallekele,League-Match,NZ,PAK,302.0,7.0,192.0,0.0,Ross Taylor,2011,SL,played,NZ,LRPL Taylor,131,Abdul Razzaq,62,TG Southee,3,Umar Gul,3
327, Ahmedabad,League-Match,ZIM,NZ,162.0,0.0,166.0,0.0,Martin Guptill,2011,IND,played,NZ,MJ Guptill,86,BB McCullum,76,TG Southee,3,DL Vettori,2
328, Bengaluru,League-Match,IRE,IND,207.0,0.0,210.0,5.0,Yuvraj Singh,2011,IND,played,IND,WTS Porterfield,75,Yuvraj Singh,50,Yuvraj Singh,5,Z Khan,3
329, Hambantota,League-Match,PAK,KENYA,317.0,7.0,112.0,0.0,Umar Akmal,2011,SL,played,PAK,Umar Akmal,71,Misbah-ul-Haq,65,Shahid Afridi,5,TM Odoyo,3
330, Wankhede,League-Match,NZ,CAN,358.0,6.0,261.0,9.0,Brendon McCullum,2011,IND,played,NZ,BB McCullum,101,A Bagai,84,JDP Oram,3,HS Baidwan,3
331, Hambantota,League-Match,SL,CAN,332.0,7.0,122.0,0.0,Mahela Jayawardene,2011,SL,played,SL,DPMD Jayawardene,100,KC Sangakkara,92,KMDN Kulasekara,3,NLTC Perera,3
332, Pallekele,League-Match,ZIM,PAK,151.0,7.0,164.0,3.0,Umar Gul,2011,SL,played,PAK,Asad Shafiq,78,CR Ervine,52,Umar Gul,3,RW Price,2
333, Colombo (RPS),League-Match,PAK,SL,277.0,7.0,266.0,9.0,Shahid Afridi,2011,SL,played,PAK,Misbah-ul-Haq,83,Younis Khan,72,Shahid Afridi,4,Shoaib Akhtar,2
334, Nottingham,League-Match,PAK,SL,330.0,6.0,138.0,0.0,Zaheer Abbas,1975,ENG,played,PAK,,0,,0,,0,,0
335, Leeds,League-Match,EAF,IND,120.0,0.0,123.0,0.0,Farokh Engineer,1975,ENG,played,IND,,0,,0,,0,,0
336, Leeds,Semi-Final,ENG,AUS,93.0,0.0,94.0,6.0,Gary Gilmour,1975,ENG,played,AUS,,0,,0,,0,,0
337, Birmingham,League-Match,ENG,EAF,290.0,5.0,94.0,0.0,John Snow,1975,ENG,played,ENG,,0,,0,,0,,0
338, The Oval,Semi-Final,NZ,WI,158.0,0.0,159.0,5.0,Alvin Kallicharran,1975,ENG,played,WI,,0,,0,,0,,0
339, Birmingham,League-Match,NZ,EAF,309.0,5.0,128.0,8.0,Glenn Turner,1975,ENG,played,NZ,,0,,0,,0,,0
340, Birmingham,League-Match,PAK,WI,266.0,7.0,267.0,9.0,Sarfraz Nawaz,1975,ENG,played,WI,,0,,0,,0,,0
341, Leeds,League-Match,AUS,PAK,278.0,7.0,205.0,0.0,Dennis Lillee,1975,ENG,played,AUS,,0,,0,,0,,0
342, Nottingham,League-Match,PAK,SL,330.0,6.0,138.0,0.0,Zaheer Abbas,1975,ENG,played,PAK,,0,,0,,0,,0
343, Nottingham,League-Match,ENG,NZ,266.0,6.0,186.0,0.0,Keith Fletcher,1975,ENG,played,ENG,,0,,0,,0,,0
344, Manchester,League-Match,SL,WI,86.0,0.0,87.0,1.0,Bernard Julien,1975,ENG,played,WI,,0,,0,,0,,0
345, The Oval,Semi-Final,NZ,WI,158.0,0.0,159.0,5.0,Alvin Kallicharran,1975,ENG,played,WI,,0,,0,,0,,0
346, Lord's,League-Match,ENG,IND,334.0,4.0,132.0,3.0,Dennis Amiss,1975,ENG,played,ENG,,0,,0,,0,,0
347, Manchester,League-Match,IND,NZ,230.0,0.0,233.0,6.0,Glenn Turner,1975,ENG,played,NZ,,0,,0,,0,,0
348, The Oval,League-Match,AUS,SL,328.0,5.0,276.0,4.0,Alan Turner,1975,ENG,played,AUS,,0,,0,,0,,0
349, The Oval,League-Match,AUS,WI,192.0,0.0,195.0,3.0,Alvin Kallicharran,1975,ENG,played,WI,,0,,0,,0,,0
350, Lord's,Final,WI,AUS,291.0,8.0,274.0,0.0,Clive Lloyd,1975,ENG,played,WI,,0,,0,,0,,0
351, Auckland,League-Match,WI,NZ,203.0,7.0,206.0,5.0,Martin Crowe,1992,NZ,played,NZ,,0,,0,,0,,0
352, Brisbane,League-Match,SA,PAK,211.0,7.0,173.0,8.0,Andrew Hudson,1992,AUS,played,SA,,0,,0,,0,,0
353, Sydney,League-Match,IND,PAK,216.0,7.0,173.0,0.0,Sachin Tendulkar,1992,AUS,played,IND,,0,,0,,0,,0
354, Sydney,League-Match,AUS,SA,170.0,9.0,171.0,1.0,Kepler Wessels,1992,AUS,played,SA,,0,,0,,0,,0
355, Wellington,League-Match,IND,WI,197.0,0.0,195.0,5.0,Anderson Cummins,1992,NZ,played,WI,,0,,0,,0,,0
356, Brisbane,League-Match,AUS,IND,237.0,9.0,234.0,0.0,Dean Jones,1992,AUS,played,AUS,,0,,0,,0,,0
358, Perth,League-Match,ENG,IND,236.0,9.0,227.0,0.0,Ian Botham,1992,AUS,played,ENG,,0,,0,,0,,0
359, Perth,League-Match,SL,PAK,212.0,6.0,216.0,6.0,Javed Miandad,1992,AUS,played,PAK,,0,,0,,0,,0
360, Christchurch,League-Match,SA,WI,200.0,8.0,136.0,0.0,Meyrick Pringle,1992,NZ,played,SA,,0,,0,,0,,0
361, Melbourne,League-Match,WI,ENG,157.0,0.0,160.0,4.0,Chris Lewis,1992,AUS,played,ENG,,0,,0,,0,,0
362, Napier,League-Match,NZ,ZIM,162.0,3.0,105.0,7.0,Martin Crowe,1992,NZ,played,NZ,,0,,0,,0,,0
363, Sydney,League-Match,AUS,SA,170.0,9.0,171.0,1.0,Kepler Wessels,1992,AUS,played,SA,,0,,0,,0,,0
364, Dunedin,League-Match,IND,NZ,230.0,6.0,231.0,6.0,Mark Greatbatch,1992,NZ,played,NZ,,0,,0,,0,,0
365, Albury,League-Match,ZIM,ENG,134.0,0.0,125.0,0.0,Eddo Brandes,1992,NZ,played,ZIM,,0,,0,,0,,0
366, Adelaide,League-Match,IND,SA,180.0,6.0,181.0,4.0,Peter Kirsten,1992,AUS,played,SA,,0,,0,,0,,0
367, Dunedin,League-Match,IND,NZ,230.0,6.0,231.0,6.0,Mark Greatbatch,1992,NZ,played,NZ,,0,,0,,0,,0
368, Ballarat,League-Match,ENG,SL,280.0,6.0,174.0,0.0,Chris Lewis,1992,NZ,played,ENG,,0,,0,,0,,0
369, Melbourne,Final,PAK,ENG,249.0,6.0,227.0,0.0,Wasim Akram,1992,AUS,played,PAK,,0,,0,,0,,0
370, Hobart,League-Match,AUS,ZIM,265.0,6.0,137.0,0.0,Steve Waugh,1992,AUS,played,AUS,,0,,0,,0,,0
371, Auckland,League-Match,NZ,AUS,248.0,6.0,211.0,0.0,Martin Crowe,1992,NZ,played,NZ,,0,,0,,0,,0
372, Canberra,League-Match,ZIM,SA,163.0,0.0,164.0,3.0,Peter Kirsten,1992,AUS,played,SA,,0,,0,,0,,0
373, Melbourne,League-Match,AUS,WI,216.0,6.0,159.0,0.0,David Boon,1992,AUS,played,AUS,,0,,0,,0,,0
374, Sydney,League-Match,AUS,ENG,171.0,0.0,173.0,2.0,Ian Botham,1992,AUS,played,ENG,,0,,0,,0,,0
375, Adelaide,League-Match,SL,AUS,189.0,9.0,190.0,3.0,Tom Moody,1992,AUS,played,AUS,,0,,0,,0,,0
376, Perth,League-Match,PAK,AUS,220.0,9.0,172.0,0.0,Aamer Sohail,1992,AUS,played,PAK,,0,,0,,0,,0
377, Melbourne,League-Match,SA,ENG,236.0,4.0,226.0,7.0,Alec Stewart,1992,AUS,played,ENG,,0,,0,,0,,0
378, Adelaide,League-Match,PAK,ENG,74.0,0.0,24.0,1.0,,1992,AUS,played,,,0,,0,,0,,0
379, Sydney,Semi-Final,ENG,SA,252.0,6.0,232.0,6.0,Graeme Hick,1992,AUS,played,ENG,,0,,0,,0,,0
380, Brisbane,League-Match,WI,ZIM,264.0,8.0,189.0,7.0,Brian Lara,1992,AUS,played,WI,,0,,0,,0,,0
381, Hobart,League-Match,PAK,ZIM,254.0,4.0,201.0,7.0,Aamer Sohail,1992,AUS,played,PAK,,0,,0,,0,,0
382, Christchurch,League-Match,NZ,PAK,166.0,0.0,167.0,3.0,Mushtaq Ahmed,1992,NZ,played,PAK,,0,,0,,0,,0
383, Melbourne,League-Match,PAK,WI,220.0,2.0,221.0,0.0,Brian Lara,1992,AUS,played,WI,,0,,0,,0,,0
384, Wellington,League-Match,SA,SL,195.0,0.0,198.0,7.0,Arjuna Ranatunga,1992,NZ,played,SL,,0,,0,,0,,0
385, Wellington,League-Match,ENG,NZ,200.0,8.0,201.0,3.0,Andrew Jones,1992,NZ,played,NZ,,0,,0,,0,,0
386, Hamilton,League-Match,IND,ZIM,203.0,7.0,104.0,1.0,Sachin Tendulkar,1992,NZ,played,IND,,0,,0,,0,,0
387, Berri,League-Match,WI,SL,268.0,8.0,177.0,9.0,Phil Simmons,1992,NZ,played,WI,,0,,0,,0,,0
388, Hamilton,League-Match,SL,NZ,206.0,9.0,210.0,4.0,Ken Rutherford,1992,NZ,played,NZ,,0,,0,,0,,0
389, Auckland,League-Match,SA,NZ,190.0,7.0,191.0,3.0,Mark Greatbatch,1992,NZ,played,NZ,,0,,0,,0,,0
390, New Plymouth,League-Match,ZIM,SL,312.0,4.0,313.0,7.0,Andy Flower,1992,NZ,played,SL,,0,,0,,0,,0
391, Auckland,Semi-Final,NZ,PAK,262.0,7.0,264.0,6.0,Inzamam-ul-Haq,1992,NZ,played,PAK,,0,,0,,0,,0
392, Hobart,League-Match,SL,SCOT,363.0,9.0,215.0,0.0,Kumar Sangakkara,2015,AUS,played,SL,KC Sangakkara,124,TM Dilshan,104,KMDN Kulasekara,3,PVD Chameera,3
393, Canberra,League-Match,WI,ZIM,372.0,2.0,289.0,0.0,Chris Gayle,2015,AUS,played,WI,CH Gayle,215,MN Samuels,133,JE Taylor,3,JO Holder,3
394, Auckland,Semi-Final,SA,NZ,281.0,5.0,299.0,6.0,Grant Elliott,2015,NZ,played,NZ,GD Elliott,84,F du Plessis,82,M Morkel,3,CJ Anderson,3
395, Sydney,Final,SL,SA,133.0,0.0,134.0,1.0,Imran Tahir,2015,AUS,played,SA,Q de Kock,78,KC Sangakkara,45,Imran Tahir,4,JP Duminy,3
396, Melbourne,Final,IND,BAN,302.0,6.0,193.0,0.0,Rohit Sharma,2015,AUS,played,IND,RG Sharma,137,SK Raina,65,UT Yadav,4,Taskin Ahmed,3
397, Melbourne,League-Match,IND,SA,307.0,7.0,177.0,0.0,Shikhar Dhawan,2015,AUS,played,IND,S Dhawan,137,AM Rahane,79,R Ashwin,3,Mohammed Shami,2
398, Brisbane,League-Match,UAE,IRE,278.0,9.0,279.0,8.0,Gary Wilson,2015,AUS,played,IRE,Shaiman Anwar,106,GC Wilson,80,Amjad Javed,3,PR Stirling,2
399, Adelaide,League-Match,BAN,ENG,275.0,7.0,260.0,0.0,Mahmudullah,2015,AUS,played,BAN,Mahmudullah,103,Mushfiqur Rahim,89,Rubel Hossain,4,JM Anderson,2
400, Auckland,League-Match,PAK,SA,222.0,0.0,202.0,0.0,Sarfaraz Ahmed,2015,NZ,played,PAK,AB de Villiers,77,Misbah-ul-Haq,56,DW Steyn,3,Rahat Ali,3
401, Melbourne,Final,NZ,AUS,183.0,0.0,186.0,3.0,James Faulkner,2015,AUS,played,AUS,GD Elliott,83,MJ Clarke,74,MG Johnson,3,JP Faulkner,3
402, Perth,League-Match,AUS,AFG,417.0,6.0,142.0,0.0,David Warner,2015,AUS,played,AUS,DA Warner,178,SPD Smith,95,MG Johnson,4,MA Starc,2
403, Dunedin,League-Match,SCOT,NZ,142.0,0.0,146.0,7.0,Trent Boult,2015,NZ,played,NZ,MW Machan,56,RD Berrington,50,DL Vettori,3,CJ Anderson,3
404, Nelson,League-Match,SCOT,BAN,318.0,8.0,322.0,4.0,Kyle Coetzer,2015,NZ,played,BAN,KJ Coetzer,156,Tamim Iqbal,95,Taskin Ahmed,3,Nasir Hossain,2
405, Perth,League-Match,WI,IND,182.0,0.0,185.0,6.0,Mohammed Shami,2015,AUS,played,IND,JO Holder,57,MS Dhoni,45,Mohammed Shami,3,RA Jadeja,2
406, Napier,League-Match,UAE,WI,175.0,0.0,176.0,4.0,Jason Holder,2015,NZ,played,WI,Nasir Aziz,60,Amjad Javed,56,JO Holder,4,JE Taylor,3
407, Wellington,League-Match,ENG,NZ,123.0,0.0,125.0,2.0,Tim Southee,2015,NZ,played,NZ,BB McCullum,77,JE Root,46,TG Southee,7,CR Woakes,2
408, Christchurch,League-Match,NZ,SL,331.0,6.0,233.0,0.0,Corey Anderson,2015,NZ,played,NZ,CJ Anderson,75,BB McCullum,65,BMAJ Mendis,2,DL Vettori,2
409, Adelaide,League-Match,IND,PAK,300.0,7.0,224.0,0.0,Virat Kohli,2015,AUS,played,IND,V Kohli,107,Misbah-ul-Haq,76,Sohail Khan,5,Mohammed Shami,4
410, Adelaide,League-Match,IRE,PAK,237.0,0.0,241.0,3.0,Sarfaraz Ahmed,2015,AUS,played,PAK,WTS Porterfield,107,Sarfaraz Ahmed,101,Wahab Riaz,3,Sohail Khan,2
411, Adelaide,Final,PAK,AUS,213.0,0.0,216.0,4.0,Josh Hazlewood,2015,AUS,played,AUS,SPD Smith,65,SR Watson,64,JR Hazlewood,4,MA Starc,2
412, Melbourne,League-Match,AUS,ENG,342.0,9.0,231.0,0.0,Aaron Finch,2015,AUS,played,AUS,AJ Finch,135,JWA Taylor,98,MR Marsh,5,ST Finn,5
413, Wellington,Final,NZ,WI,393.0,6.0,250.0,0.0,Martin Guptill,2015,NZ,played,NZ,MJ Guptill,237,CH Gayle,61,TA Boult,4,JE Taylor,3
414, Napier,League-Match,PAK,UAE,339.0,6.0,210.0,8.0,Ahmed Shehzad,2015,NZ,played,PAK,Ahmed Shehzad,93,Haris Sohail,70,AM Guruge,4,Shahid Afridi,2
415, Sydney,League-Match,AUS,SL,376.0,9.0,312.0,0.0,Glenn Maxwell,2015,AUS,played,AUS,KC Sangakkara,104,GJ Maxwell,102,JP Faulkner,3,MA Starc,2
416, Auckland,League-Match,AUS,NZ,151.0,0.0,152.0,9.0,Trent Boult,2015,NZ,played,NZ,BB McCullum,50,KS Williamson,45,MA Starc,6,TA Boult,5
417, Melbourne,Final,NZ,AUS,183.0,0.0,186.0,3.0,James Faulkner,2015,AUS,played,AUS,GD Elliott,83,MJ Clarke,74,MG Johnson,3,JP Faulkner,3
418, Christchurch,League-Match,WI,PAK,310.0,6.0,160.0,0.0,Andre Russell,2015,NZ,played,WI,Umar Akmal,59,D Ramdin,51,JE Taylor,3,AD Russell,3
419, Sydney,League-Match,AFG,ENG,111.0,7.0,101.0,1.0,Chris Jordan,2015,AUS,played,ENG,IR Bell,52,AD Hales,37,CJ Jordan,2,RS Bopara,2
420, Perth,League-Match,UAE,IND,102.0,0.0,104.0,1.0,Ravichandran Ashwin,2015,AUS,played,IND,RG Sharma,57,Shaiman Anwar,35,R Ashwin,4,UT Yadav,2
421, Sydney,League-Match,SA,WI,408.0,5.0,151.0,0.0,AB de Villiers,2015,AUS,played,SA,AB de Villiers,162,HM Amla,65,Imran Tahir,5,M Morkel,2
422, Canberra,League-Match,BAN,AFG,267.0,0.0,162.0,0.0,Mushfiqur Rahim,2015,AUS,played,BAN,Mushfiqur Rahim,71,Shakib Al Hasan,63,Mashrafe Mortaza,3,Shapoor Zadran,2
423, Dunedin,League-Match,AFG,SL,232.0,0.0,236.0,6.0,Mahela Jayawardene,2015,NZ,played,SL,DPMD Jayawardene,100,Asghar Afghan,54,SL Malinga,3,Hamid Hassan,3
424, Hamilton,League-Match,BAN,NZ,288.0,7.0,290.0,7.0,Martin Guptill,2015,NZ,played,NZ,Mahmudullah,128,MJ Guptill,105,Shakib Al Hasan,4,CJ Anderson,2
425, Brisbane,League-Match,PAK,ZIM,235.0,7.0,215.0,0.0,Wahab Riaz,2015,AUS,played,PAK,Misbah-ul-Haq,73,Wahab Riaz,54,Mohammad Irfan,4,Wahab Riaz,4
426, Hobart,League-Match,IRE,ZIM,331.0,8.0,326.0,0.0,Ed Joyce,2015,AUS,played,IRE,BRM Taylor,121,EC Joyce,112,AR Cusack,4,TL Chatara,3
427, Christchurch,League-Match,ENG,SCOT,303.0,8.0,184.0,0.0,Moeen Ali,2015,NZ,played,ENG,MM Ali,128,KJ Coetzer,71,JH Davey,4,ST Finn,3
428, Nelson,League-Match,UAE,ZIM,285.0,7.0,286.0,6.0,Sean Williams,2015,NZ,played,ZIM,SC Williams,76,Shaiman Anwar,67,TL Chatara,3,SF Mire,2
429, Canberra,League-Match,SA,IRE,411.0,4.0,210.0,0.0,Hashim Amla,2015,AUS,played,SA,HM Amla,159,F du Plessis,109,KJ Abbott,4,M Morkel,3
430, Auckland,League-Match,ZIM,IND,287.0,0.0,288.0,4.0,Suresh Raina,2015,NZ,played,IND,BRM Taylor,138,SK Raina,110,UT Yadav,3,MM Sharma,3
431, Hamilton,League-Match,IRE,IND,259.0,0.0,260.0,2.0,Shikhar Dhawan,2015,NZ,played,IND,S Dhawan,100,NJ OBrien,75,Mohammed Shami,3,R Ashwin,2
432, Dunedin,League-Match,SCOT,AFG,210.0,0.0,211.0,9.0,Samiullah Shinwari,2015,NZ,played,AFG,Samiullah Shinwari,96,Javed Ahmadi,51,Shapoor Zadran,4,RD Berrington,4
433, Nelson,League-Match,WI,IRE,304.0,7.0,307.0,6.0,Paul Stirling,2015,NZ,played,IRE,LMP Simmons,102,PR Stirling,92,GH Dockrell,3,JE Taylor,3
434, Wellington,League-Match,ENG,SL,309.0,6.0,312.0,1.0,Kumar Sangakkara,2015,NZ,played,SL,HDRL Thirimanne,139,JE Root,121,TM Dilshan,1,AD Mathews,1
435, Napier,League-Match,AFG,NZ,186.0,0.0,188.0,4.0,Daniel Vettori,2015,NZ,played,NZ,MJ Guptill,57,Najibullah Zadran,56,DL Vettori,4,TA Boult,3
436, Sydney,Semi-Final,AUS,IND,328.0,7.0,233.0,0.0,Steven Smith,2015,AUS,played,AUS,SPD Smith,105,AJ Finch,81,UT Yadav,4,JP Faulkner,3
437, Hamilton,League-Match,SA,ZIM,339.0,4.0,277.0,0.0,David Miller,2015,NZ,played,SA,DA Miller,138,JP Duminy,115,Imran Tahir,3,VD Philander,2
438, Wellington,League-Match,SA,UAE,341.0,6.0,195.0,0.0,AB de Villiers,2015,NZ,played,SA,AB de Villiers,99,F Behardien,64,Mohammad Naveed,3,M Morkel,2
439, Wellington,Final,NZ,WI,393.0,6.0,250.0,0.0,Martin Guptill,2015,NZ,played,NZ,MJ Guptill,237,CH Gayle,61,TA Boult,4,JE Taylor,3
440, Brisbane,League-Match,AUS,BAN,0.0,0.0,0.0,0.0,,2015,AUS,abandoned,,,0,,0,,0,,0
441, Melbourne,League-Match,SL,BAN,332.0,1.0,240.0,0.0,Tillakaratne Dilshan,2015,AUS,played,SL,TM Dilshan,161,KC Sangakkara,105,SL Malinga,3,TM Dilshan,2
442, Hobart,League-Match,SCOT,AUS,130.0,0.0,133.0,3.0,Mitchell Starc,2015,AUS,played,AUS,MJ Clarke,47,MW Machan,40,MA Starc,4,PJ Cummins,3
443, Gqeberha,League-Match,ENG,NAM,272.0,0.0,217.0,9.0,Jan-Berrie Burger,2003,SA,played,ENG,,0,,0,,0,,0
444, Harare,League-Match,IND,ZIM,255.0,7.0,172.0,0.0,Sachin Tendulkar,2003,SA,played,IND,,0,,0,,0,,0
445, Centurion,League-Match,NZ,IND,146.0,0.0,150.0,3.0,Zaheer Khan,2003,SA,played,IND,,0,,0,,0,,0
446, Potchefstroom,League-Match,AUS,NED,170.0,2.0,122.0,0.0,Damien Martyn,2003,SA,played,AUS,,0,,0,,0,,0
447, Johannesburg,Final,AUS,IND,359.0,2.0,234.0,0.0,Ricky Ponting,2003,SA,played,AUS,,0,,0,,0,,0
449, Kimberley,League-Match,PAK,NAM,255.0,9.0,84.0,0.0,Wasim Akram,2003,SA,played,PAK,,0,,0,,0,,0
450, Durban,League-Match,KENYA,AUS,174.0,8.0,178.0,5.0,Aasif Karim,2003,SA,played,AUS,,0,,0,,0,,0
451, Durban,Semi-Final,IND,KENYA,270.0,4.0,179.0,0.0,Sourav Ganguly,2003,SA,played,IND,,0,,0,,0,,0
452, Durban,League-Match,SL,SA,268.0,9.0,229.0,6.0,Marvan Atapattu,2003,SA,played,,,0,,0,,0,,0
453, Cape Town,League-Match,ENG,PAK,246.0,8.0,134.0,0.0,James Anderson,2003,SA,played,ENG,,0,,0,,0,,0
454, Harare,League-Match,ZIM,NAM,340.0,2.0,104.0,5.0,Craig Wishart,2003,SA,played,ZIM,,0,,0,,0,,0
455, Cape Town,League-Match,CAN,KENYA,197.0,0.0,198.0,6.0,Thomas Odoyo,2003,SA,played,KENYA,,0,,0,,0,,0
456, Potchefstroom,League-Match,AUS,NAM,301.0,6.0,45.0,0.0,Glenn McGrath,2003,SA,played,AUS,,0,,0,,0,,0
457, Bulawayo,League-Match,ZIM,AUS,246.0,9.0,248.0,3.0,Andy Blignaut,2003,SA,played,AUS,,0,,0,,0,,0
458, Durban,League-Match,IND,ENG,250.0,9.0,168.0,0.0,Ashish Nehra,2003,SA,played,IND,,0,,0,,0,,0
459, Kimberley,League-Match,BAN,NZ,198.0,7.0,199.0,3.0,Craig McMillan,2003,SA,played,NZ,,0,,0,,0,,0
460, Centurion,League-Match,PAK,IND,273.0,7.0,276.0,4.0,Sachin Tendulkar,2003,SA,played,IND,,0,,0,,0,,0
461, Bloemfontein,League-Match,NED,NAM,314.0,4.0,250.0,0.0,Feiko Kloppenburg,2003,SA,played,NED,,0,,0,,0,,0
462, East London,League-Match,SA,CAN,254.0,8.0,136.0,5.0,Boeta Dippenaar,2003,SA,played,SA,,0,,0,,0,,0
463, Benoni,League-Match,WI,BAN,244.0,9.0,32.0,2.0,,2003,SA,played,,,0,,0,,0,,0
464, Paarl,League-Match,PAK,NED,253.0,9.0,156.0,0.0,Mohammad Yousuf,2003,SA,played,PAK,,0,,0,,0,,0
465, Johannesburg,League-Match,IND,SL,292.0,6.0,109.0,0.0,Javagal Srinath,2003,SA,played,IND,,0,,0,,0,,0
467, Pietermaritzburg,League-Match,BAN,SL,124.0,0.0,126.0,0.0,Chaminda Vaas,2003,SA,played,SL,,0,,0,,0,,0
468, Johannesburg,League-Match,SA,NZ,306.0,6.0,229.0,1.0,Stephen Fleming,2003,SA,played,NZ,,0,,0,,0,,0
469, Nairobi (Gym),League-Match,KENYA,SL,210.0,9.0,157.0,0.0,Collins Obuya,2003,SA,played,KENYA,,0,,0,,0,,0
470, Bloemfontein,League-Match,BAN,SA,108.0,0.0,109.0,0.0,Makhaya Ntini,2003,SA,played,SA,,0,,0,,0,,0
471, Centurion,League-Match,AUS,SL,319.0,5.0,223.0,0.0,Ricky Ponting,2003,SA,played,AUS,,0,,0,,0,,0
472, Centurion,League-Match,IND,AUS,125.0,0.0,128.0,1.0,Jason Gillespie,2003,SA,played,AUS,,0,,0,,0,,0
473, Cape Town,League-Match,SL,WI,228.0,6.0,222.0,9.0,Chaminda Vaas,2003,SA,played,SL,,0,,0,,0,,0
474, Bloemfontein,League-Match,ZIM,KENYA,133.0,0.0,135.0,3.0,Martin Suji,2003,SA,played,KENYA,,0,,0,,0,,0
475, East London,League-Match,NED,ENG,142.0,9.0,144.0,4.0,James Anderson,2003,SA,played,ENG,,0,,0,,0,,0
476, Gqeberha,Semi-Final,AUS,SL,212.0,7.0,123.0,7.0,Andrew Symonds,2003,SA,played,AUS,,0,,0,,0,,0
478, Bloemfontein,League-Match,ZIM,KENYA,133.0,0.0,135.0,3.0,Martin Suji,2003,SA,played,KENYA,,0,,0,,0,,0
479, Cape Town,League-Match,WI,SA,278.0,5.0,275.0,9.0,Brian Lara,2003,SA,played,WI,,0,,0,,0,,0
480, Cape Town,League-Match,KENYA,IND,225.0,6.0,226.0,4.0,Sourav Ganguly,2003,SA,played,IND,,0,,0,,0,,0
481, Gqeberha,League-Match,AUS,NZ,208.0,9.0,112.0,0.0,Shane Bond,2003,SA,played,AUS,,0,,0,,0,,0
482, Gqeberha,League-Match,NZ,WI,241.0,7.0,221.0,0.0,Andre Adams,2003,SA,played,NZ,,0,,0,,0,,0
483, Paarl,League-Match,IND,NED,204.0,0.0,136.0,0.0,Tim de Leede,2003,SA,played,IND,,0,,0,,0,,0
484, Benoni,League-Match,CAN,NZ,196.0,0.0,197.0,5.0,John Davison,2003,SA,played,NZ,,0,,0,,0,,0
485, Durban,League-Match,CAN,BAN,180.0,0.0,120.0,0.0,Austin Codrington,2003,SA,played,CAN,,0,,0,,0,,0
486, Potchefstroom,League-Match,KENYA,SA,140.0,0.0,142.0,0.0,Lance Klusener,2003,SA,played,SA,,0,,0,,0,,0
487, Pietermaritzburg,League-Match,IND,NAM,311.0,2.0,130.0,0.0,Sachin Tendulkar,2003,SA,played,IND,,0,,0,,0,,0
488, East London,League-Match,SL,ZIM,256.0,5.0,182.0,0.0,Marvan Atapattu,2003,SA,played,SL,,0,,0,,0,,0
490, Gqeberha,League-Match,ENG,AUS,204.0,8.0,208.0,8.0,Andy Bichel,2003,SA,played,AUS,,0,,0,,0,,0
491, Bulawayo,League-Match,ZIM,NED,301.0,8.0,202.0,9.0,Heath Streak,2003,SA,played,ZIM,,0,,0,,0,,0
492, Johannesburg,League-Match,KENYA,BAN,217.0,7.0,185.0,0.0,Maurice Odumbe,2003,SA,played,KENYA,,0,,0,,0,,0
493, Centurion,League-Match,CAN,WI,202.0,0.0,206.0,3.0,John Davison,2003,SA,played,WI,,0,,0,,0,,0
494, Bloemfontein,League-Match,SL,NZ,272.0,7.0,225.0,0.0,Sanath Jayasuriya,2003,SA,played,SL,,0,,0,,0,,0
495, Johannesburg,League-Match,AUS,PAK,310.0,8.0,228.0,0.0,Andrew Symonds,2003,SA,played,AUS,,0,,0,,0,,0
496, Bloemfontein,League-Match,ZIM,NZ,252.0,7.0,253.0,4.0,Nathan Astle,2003,SA,played,NZ,,0,,0,,0,,0
497, Paarl,League-Match,CAN,SL,36.0,0.0,37.0,1.0,Prabath Nissanka,2003,SA,played,SL,,0,,0,,0,,0
498, Kimberley,League-Match,WI,KENYA,246.0,7.0,104.0,0.0,Vasbert Drakes,2003,SA,played,WI,,0,,0,,0,,0
499, Tunbridge Wells,League-Match,IND,ZIM,266.0,8.0,235.0,0.0,Kapil Dev,1983,ENG,played,IND,,0,,0,,0,,0
500, Nottingham,League-Match,ZIM,AUS,239.0,6.0,226.0,7.0,Duncan Fletcher,1983,ENG,played,ZIM,,0,,0,,0,,0
501, Birmingham,League-Match,ZIM,WI,171.0,0.0,172.0,0.0,Faoud Bacchus,1983,ENG,played,WI,,0,,0,,0,,0
502, Chelmsford,League-Match,IND,AUS,247.0,0.0,129.0,0.0,Roger Binny,1983,ENG,played,IND,,0,,0,,0,,0
503, Bristol,League-Match,SL,NZ,206.0,0.0,209.0,5.0,Richard Hadlee,1983,ENG,played,NZ,,0,,0,,0,,0
504, Worcester,League-Match,ZIM,WI,217.0,7.0,218.0,2.0,Gordon Greenidge,1983,ENG,played,WI,,0,,0,,0,,0
505, The Oval,League-Match,ENG,NZ,322.0,6.0,216.0,0.0,Allan Lamb,1983,ENG,played,ENG,,0,,0,,0,,0
506, Leicester,League-Match,ZIM,IND,155.0,0.0,157.0,5.0,Madan Lal,1983,ENG,played,IND,,0,,0,,0,,0
507, Taunton,League-Match,ENG,SL,333.0,9.0,286.0,0.0,David Gower,1983,ENG,played,ENG,,0,,0,,0,,0
508, Derby,League-Match,NZ,SL,181.0,0.0,184.0,7.0,Ashantha de Mel,1983,ENG,played,SL,,0,,0,,0,,0
509, Manchester,Semi-Final,ENG,IND,213.0,0.0,217.0,4.0,Mohinder Amarnath,1983,ENG,played,IND,,0,,0,,0,,0
510, Southampton,League-Match,AUS,ZIM,272.0,7.0,240.0,0.0,Dave Houghton,1983,ENG,played,AUS,,0,,0,,0,,0
511, Lord's,League-Match,PAK,ENG,193.0,8.0,199.0,2.0,Zaheer Abbas,1983,ENG,played,ENG,,0,,0,,0,,0
512, Taunton,League-Match,ENG,SL,333.0,9.0,286.0,0.0,David Gower,1983,ENG,played,ENG,,0,,0,,0,,0
513, Birmingham,League-Match,ENG,NZ,234.0,0.0,238.0,8.0,Jeremy Coney,1983,ENG,played,NZ,,0,,0,,0,,0
514, The Oval,Semi-Final,PAK,WI,184.0,8.0,188.0,2.0,Viv Richards,1983,ENG,played,WI,,0,,0,,0,,0
515, Swansea,League-Match,PAK,SL,338.0,5.0,288.0,9.0,Mohsin Khan,1983,ENG,played,PAK,,0,,0,,0,,0
516, Nottingham,League-Match,PAK,NZ,261.0,3.0,250.0,0.0,Imran Khan,1983,ENG,played,PAK,,0,,0,,0,,0
517, Leeds,League-Match,WI,AUS,252.0,9.0,151.0,0.0,Winston Davis,1983,ENG,played,WI,,0,,0,,0,,0
518, The Oval,League-Match,WI,IND,282.0,9.0,216.0,0.0,Viv Richards,1983,ENG,played,WI,,0,,0,,0,,0
519, Nottingham,League-Match,AUS,IND,320.0,9.0,158.0,0.0,Trevor Chappell,1983,ENG,played,AUS,,0,,0,,0,,0
520, Lord's,League-Match,AUS,WI,273.0,6.0,276.0,3.0,Viv Richards,1983,ENG,played,WI,,0,,0,,0,,0
521, Manchester,League-Match,IND,WI,262.0,8.0,228.0,0.0,Yashpal Sharma,1983,ENG,played,IND,,0,,0,,0,,0
522, Leeds,League-Match,SL,ENG,136.0,0.0,137.0,1.0,Bob Willis,1983,ENG,played,ENG,,0,,0,,0,,0
523, Birmingham,League-Match,NZ,PAK,238.0,9.0,186.0,0.0,Abdul Qadir,1983,ENG,played,NZ,,0,,0,,0,,0
524, Bristol,League-Match,SL,NZ,206.0,0.0,209.0,5.0,Richard Hadlee,1983,ENG,played,NZ,,0,,0,,0,,0
525, Manchester,League-Match,PAK,ENG,232.0,8.0,233.0,3.0,Graeme Fowler,1983,ENG,played,ENG,,0,,0,,0,,0
526, Lord's,Final,IND,WI,183.0,0.0,140.0,0.0,Mohinder Amarnath,1983,ENG,played,IND,,0,,0,,0,,0
527, Leeds,League-Match,PAK,SL,235.0,7.0,224.0,0.0,Abdul Qadir,1983,ENG,played,PAK,,0,,0,,0,,0
